category	GOID	GOterm	nall	nset	nhits	nrefs	p	fdr	hits	hits2
Function	GO:0050662	coenzyme binding	2819	128	18	110	6.13e-6	0.0023	YCL018W,YCL030C,YDL171C,YDR158W,YEL071W,YER081W,YGL062W,YGL184C,YGR175C,YIL074C,YIL116W,YJL060W,YJR137C,YKL218C,YLR142W,YLR438W,YML075C,YPR037C	LEU2,HIS4,GLT1,HOM2,DLD3,SER3,PYC1,STR3,ERG1,SER33,HIS5,BNA3,MET5,SRY1,PUT1,CAR2,HMG1,ERV2
Function	GO:0048037	cofactor binding	2819	128	21	158	1.81e-5	0.0034	YBR115C,YCL018W,YCL030C,YDL171C,YDR158W,YDR539W,YEL071W,YER081W,YGL062W,YGL184C,YGR175C,YIL074C,YIL116W,YJL060W,YJR137C,YKL218C,YLR142W,YLR438W,YML075C,YNL240C,YPR037C	LYS2,LEU2,HIS4,GLT1,HOM2,FDC1,DLD3,SER3,PYC1,STR3,ERG1,SER33,HIS5,BNA3,MET5,SRY1,PUT1,CAR2,HMG1,NAR1,ERV2
Function	GO:0003824	catalytic activity	2819	128	82	1305	5.71e-5	0.0072	YBR029C,YBR115C,YBR208C,YCL005W-A,YCL018W,YCL030C,YCR005C,YDL171C,YDR158W,YDR539W,YEL021W,YEL071W,YER020W,YER042W,YER052C,YER081W,YER175C,YFL028C,YFR030W,YGL062W,YGL184C,YGR020C,YGR175C,YGR281W,YHR018C,YHR029C,YHR215W,YIL074C,YIL116W,YIR029W,YIR031C,YIR032C,YIR034C,YJL060W,YJL172W,YJL218W,YJR010W,YJR075W,YJR109C,YJR137C,YKL001C,YKL087C,YKL129C,YKL191W,YKL211C,YKL218C,YKR043C,YKR069W,YKR080W,YKR087C,YLL062C,YLR120C,YLR142W,YLR144C,YLR410W,YLR419W,YLR438W,YML075C,YMR062C,YMR096W,YMR104C,YMR198W,YNL117W,YNL132W,YNL180C,YNL191W,YNL240C,YNL323W,YNR019W,YOL010W,YOL058W,YOL064C,YOR116C,YOR119C,YOR320C,YOR375C,YPL058C,YPL111W,YPR035W,YPR037C,YPR107C,YPR167C	CDS1,LYS2,DUR1,2,VMA9,LEU2,HIS4,CIT2,GLT1,HOM2,FDC1,URA3,DLD3,GPA2,MXR1,HOM3,SER3,TMT1,CAF16,MET10,PYC1,STR3,VMA7,ERG1,YOR1,ARG4,YHI9,PHO12,SER33,HIS5,DAL2,DAL7,DAL3,LYS1,BNA3,CPS1,YJL218W,MET3,HOC1,CPA2,MET5,MET14,CYT2,MYO3,DPH2,TRP3,SRY1,SHB17,MET1,MTD1,OMA1,MHT1,YPS1,PUT1,ACF2,VIP1,YLR419W,CAR2,HMG1,ARG7,SNZ1,YPK2,CIK1,MLS1,KRE33,RHO5,DUG3,NAR1,LEM3,ARE2,RCL1,ARG1,MET22,RPO31,RIO1,GNT1,GDH1,PDR12,CAR1,GLN1,ERV2,YTH1,MET16
KEGG	map01230	Biosynthesis of amino acids	2819	128	19	110	1.6e-6	8.78e-5	YBR115C,YCL018W,YCL030C,YCR005C,YDL171C,YDR158W,YER052C,YER081W,YGL062W,YGL184C,YHR018C,YIL074C,YIL116W,YIR034C,YKL211C,YMR062C,YOL058W,YPL111W,YPR035W	LYS2,LEU2,HIS4,CIT2,GLT1,HOM2,HOM3,SER3,PYC1,STR3,ARG4,SER33,HIS5,LYS1,TRP3,ARG7,ARG1,CAR1,GLN1
KEGG	map01100	Metabolic pathways	2819	128	46	532	7.43e-6	2e-4	YBR029C,YBR115C,YBR208C,YCL018W,YCL030C,YCR005C,YDL171C,YDR158W,YEL021W,YER052C,YER081W,YFR030W,YGL062W,YGL184C,YGR020C,YGR175C,YHR018C,YHR215W,YIL074C,YIL116W,YIR029W,YIR031C,YIR032C,YIR034C,YJL060W,YJR010W,YJR075W,YJR109C,YJR137C,YKL001C,YKL211C,YKR069W,YKR080W,YLL062C,YLR142W,YLR438W,YML075C,YMR062C,YNL117W,YOL058W,YOL064C,YOR116C,YOR375C,YPL111W,YPR035W,YPR167C	CDS1,LYS2,DUR1,2,LEU2,HIS4,CIT2,GLT1,HOM2,URA3,HOM3,SER3,MET10,PYC1,STR3,VMA7,ERG1,ARG4,PHO12,SER33,HIS5,DAL2,DAL7,DAL3,LYS1,BNA3,MET3,HOC1,CPA2,MET5,MET14,TRP3,MET1,MTD1,MHT1,PUT1,CAR2,HMG1,ARG7,MLS1,ARG1,MET22,RPO31,GDH1,CAR1,GLN1,MET16
KEGG	map00220	Arginine biosynthesis	2819	128	7	15	2.45e-5	4.5e-4	YBR208C,YHR018C,YMR062C,YOL058W,YOR375C,YPL111W,YPR035W	DUR1,2,ARG4,ARG7,ARG1,GDH1,CAR1,GLN1
KEGG	map00920	Sulfur metabolism	2819	128	6	14	1.4e-4	0.0019	YFR030W,YJR010W,YJR137C,YKL001C,YOL064C,YPR167C	MET10,MET3,MET5,MET14,MET22,MET16
KEGG	map01110	Biosynthesis of secondary metabolites	2819	128	24	245	3.9e-4	0.0043	YBR029C,YBR115C,YCL018W,YCL030C,YCR005C,YDL171C,YDR158W,YER052C,YGL184C,YGR175C,YHR018C,YIL116W,YIR031C,YIR034C,YKL211C,YKR069W,YLL062C,YLR142W,YLR438W,YML075C,YMR062C,YNL117W,YOL058W,YPL111W	CDS1,LYS2,LEU2,HIS4,CIT2,GLT1,HOM2,HOM3,STR3,ERG1,ARG4,HIS5,DAL7,LYS1,TRP3,MET1,MHT1,PUT1,CAR2,HMG1,ARG7,MLS1,ARG1,CAR1
KEGG	map01130	Biosynthesis of antibiotics	2819	128	20	194	7.1e-4	0.0065	YBR115C,YCR005C,YDL171C,YDR158W,YER052C,YER081W,YGR175C,YHR018C,YIL074C,YIL116W,YIR034C,YJR010W,YKL211C,YLR142W,YLR438W,YML075C,YMR062C,YOL058W,YOL064C,YPL111W	LYS2,CIT2,GLT1,HOM2,HOM3,SER3,ERG1,ARG4,SER33,HIS5,LYS1,MET3,TRP3,PUT1,CAR2,HMG1,ARG7,ARG1,MET22,CAR1
KEGG	map00261	Monobactam biosynthesis	2819	128	3	3	0.0015	0.0114	YDR158W,YER052C,YJR010W	HOM2,HOM3,MET3
KEGG	map00250	Alanine, aspartate and glutamate metabolism	2819	128	6	26	0.0021	0.0147	YDL171C,YHR018C,YJR109C,YOL058W,YOR375C,YPR035W	GLT1,ARG4,CPA2,ARG1,GDH1,GLN1
KEGG	map00910	Nitrogen metabolism	2819	128	3	5	0.0038	0.0233	YDL171C,YOR375C,YPR035W	GLT1,GDH1,GLN1
KEGG	map00300	Lysine biosynthesis	2819	128	4	12	0.0041	0.0233	YBR115C,YDR158W,YER052C,YIR034C	LYS2,HOM2,HOM3,LYS1
Keyword	KW-0028	Amino-acid biosynthesis	2819	128	23	82	3e-11	5.05e-9	YBR115C,YCL018W,YCL030C,YDL171C,YDR158W,YER052C,YER081W,YFR030W,YGL184C,YHR018C,YIL074C,YIL116W,YIR034C,YJR010W,YJR109C,YJR137C,YKL001C,YKL211C,YKR069W,YLL062C,YMR062C,YOL058W,YPR167C	LYS2,LEU2,HIS4,GLT1,HOM2,HOM3,SER3,MET10,STR3,ARG4,SER33,HIS5,LYS1,MET3,CPA2,MET5,MET14,TRP3,MET1,MHT1,ARG7,ARG1,MET16
Keyword	KW-0486	Methionine biosynthesis	2819	128	9	23	4.99e-6	4.2e-4	YDR158W,YFR030W,YGL184C,YJR010W,YJR137C,YKL001C,YKR069W,YLL062C,YPR167C	HOM2,MET10,STR3,MET3,MET5,MET14,MET1,MHT1,MET16
Keyword	KW-0198	Cysteine biosynthesis	2819	128	5	8	1.4e-4	0.0078	YFR030W,YJR010W,YJR137C,YKL001C,YPR167C	MET10,MET3,MET5,MET14,MET16
Keyword	KW-0812	Transmembrane	2819	128	31	357	3.7e-4	0.0155	YBL102W,YBR029C,YCL005W-A,YDL121C,YDL198C,YER145C,YGL255W,YGR121C,YGR175C,YGR281W,YIL016W,YIL121W,YIR033W,YJL172W,YJR075W,YKL120W,YKR087C,YLR018C,YML075C,YMR183C,YNL058C,YNL323W,YNR019W,YNR055C,YOL158C,YOR106W,YOR320C,YOR327C,YPL058C,YPR037C,YPR147C	SFT2,CDS1,VMA9,YDL121C,GGC1,FTR1,ZRT1,MEP1,ERG1,YOR1,SNL1,QDR2,MGA2,CPS1,HOC1,OAC1,OMA1,POM34,HMG1,SSO2,YNL058C,LEM3,ARE2,HOL1,ENB1,VAM3,GNT1,SNC2,PDR12,ERV2,YPR147C
Keyword	KW-1133	Transmembrane helix	2819	128	30	352	6.3e-4	0.0185	YBL102W,YBR029C,YCL005W-A,YDL121C,YDL198C,YER145C,YGL255W,YGR121C,YGR175C,YGR281W,YIL016W,YIL121W,YIR033W,YJL172W,YJR075W,YKL120W,YKR087C,YLR018C,YML075C,YMR183C,YNL058C,YNL323W,YNR055C,YOL158C,YOR106W,YOR320C,YOR327C,YPL058C,YPR037C,YPR147C	SFT2,CDS1,VMA9,YDL121C,GGC1,FTR1,ZRT1,MEP1,ERG1,YOR1,SNL1,QDR2,MGA2,CPS1,HOC1,OAC1,OMA1,POM34,HMG1,SSO2,YNL058C,LEM3,HOL1,ENB1,VAM3,GNT1,SNC2,PDR12,ERV2,YPR147C
Keyword	KW-0560	Oxidoreductase	2819	128	20	190	5.5e-4	0.0185	YBR115C,YCL018W,YCL030C,YDL171C,YDR158W,YEL071W,YER042W,YER081W,YFR030W,YGR175C,YIL074C,YIR034C,YJR137C,YKR043C,YKR080W,YLR142W,YML075C,YOR375C,YPR037C,YPR167C	LYS2,LEU2,HIS4,GLT1,HOM2,DLD3,MXR1,SER3,MET10,ERG1,SER33,LYS1,MET5,SHB17,MTD1,PUT1,HMG1,GDH1,ERV2,MET16
Keyword	KW-0659	Purine metabolism	2819	128	3	3	0.0015	0.0308	YIR029W,YIR031C,YIR032C	DAL2,DAL7,DAL3
Keyword	KW-0055	Arginine biosynthesis	2819	128	4	8	0.0013	0.0308	YHR018C,YJR109C,YMR062C,YOL058W	ARG4,CPA2,ARG7,ARG1
NetworkNeighborAL	CL:4933	cellular amino acid biosynthetic process, and Metabolism of nucleotides	2819	128	29	161	6.85e-10	2.33e-7	YBR115C,YCL018W,YCL030C,YDR158W,YEL021W,YER052C,YER081W,YFR030W,YGL184C,YHR018C,YIL074C,YIL116W,YIR034C,YJR010W,YJR047C,YJR109C,YJR137C,YKL001C,YKL211C,YKR069W,YKR080W,YLL062C,YLR142W,YLR438W,YMR062C,YOL058W,YOL064C,YPL111W,YPR167C	LYS2,LEU2,HIS4,HOM2,URA3,HOM3,SER3,MET10,STR3,ARG4,SER33,HIS5,LYS1,MET3,ANB1,CPA2,MET5,MET14,TRP3,MET1,MTD1,MHT1,PUT1,CAR2,ARG7,ARG1,MET22,CAR1,MET16
NetworkNeighborAL	CL:5104	Amino-acid biosynthesis, and Arginine and proline metabolism	2819	128	16	65	1.93e-7	3.27e-5	YBR115C,YCL018W,YCL030C,YDR158W,YER052C,YHR018C,YIL116W,YIR034C,YJR047C,YJR109C,YKL211C,YLR142W,YLR438W,YMR062C,YOL058W,YPL111W	LYS2,LEU2,HIS4,HOM2,HOM3,ARG4,HIS5,LYS1,ANB1,CPA2,TRP3,PUT1,CAR2,ARG7,ARG1,CAR1
NetworkNeighborAL	CL:5105	Amino-acid biosynthesis, and Arginine and proline metabolism	2819	128	15	59	3.36e-7	3.81e-5	YBR115C,YCL018W,YCL030C,YDR158W,YER052C,YHR018C,YIL116W,YIR034C,YJR047C,YJR109C,YKL211C,YLR438W,YMR062C,YOL058W,YPL111W	LYS2,LEU2,HIS4,HOM2,HOM3,ARG4,HIS5,LYS1,ANB1,CPA2,TRP3,CAR2,ARG7,ARG1,CAR1
NetworkNeighborAL	CL:5299	sulfate assimilation, and Cbf1-Met4-Met28 complex	2819	128	7	10	3.35e-6	2.8e-4	YFR030W,YJR010W,YJR137C,YKL001C,YKR069W,YOL064C,YPR167C	MET10,MET3,MET5,MET14,MET1,MET22,MET16
NetworkNeighborAL	CL:5265	sulfur amino acid metabolic process	2819	128	9	23	4.99e-6	3.4e-4	YFR030W,YGL184C,YJR010W,YJR137C,YKL001C,YKR069W,YLL062C,YOL064C,YPR167C	MET10,STR3,MET3,MET5,MET14,MET1,MHT1,MET22,MET16
NetworkNeighborAL	CL:4934	cellular amino acid biosynthetic process, and Metabolism of nucleotides	2819	128	20	138	9.29e-6	5.3e-4	YBR115C,YCL018W,YCL030C,YDR158W,YEL021W,YER052C,YER081W,YHR018C,YIL074C,YIL116W,YIR034C,YJR047C,YJR109C,YKL211C,YKR080W,YLR142W,YLR438W,YMR062C,YOL058W,YPL111W	LYS2,LEU2,HIS4,HOM2,URA3,HOM3,SER3,ARG4,SER33,HIS5,LYS1,ANB1,CPA2,TRP3,MTD1,PUT1,CAR2,ARG7,ARG1,CAR1
NetworkNeighborAL	CL:5303	hydrogen sulfide biosynthetic process	2819	128	5	5	3.03e-5	0.0015	YFR030W,YJR010W,YJR137C,YKL001C,YPR167C	MET10,MET3,MET5,MET14,MET16
NetworkNeighborAL	CL:5201	arginine metabolic process, and polyamine metabolic process	2819	128	7	18	6.19e-5	0.0026	YHR018C,YJR047C,YJR109C,YLR438W,YMR062C,YOL058W,YPL111W	ARG4,ANB1,CPA2,CAR2,ARG7,ARG1,CAR1
NetworkNeighborAL	CL:10313	mixed, incl. CDR ABC transporter, and Major facilitator superfamily	2819	128	5	7	8.86e-5	0.0033	YGR281W,YIL121W,YLR179C,YNR055C,YPL058C	YOR1,QDR2,YLR179C,HOL1,PDR12
NetworkNeighborAL	CL:10315	CDR ABC transporter, and Major facilitator superfamily	2819	128	4	6	5.8e-4	0.0165	YGR281W,YIL121W,YNR055C,YPL058C	YOR1,QDR2,HOL1,PDR12
NetworkNeighborAL	CL:10309	mixed, incl. ABC transporter, and Major facilitator superfamily	2819	128	6	19	5.4e-4	0.0165	YGR097W,YGR281W,YIL121W,YLR179C,YNR055C,YPL058C	ASK10,YOR1,QDR2,YLR179C,HOL1,PDR12
NetworkNeighborAL	CL:5106	Amino-acid biosynthesis	2819	128	8	41	0.001	0.0248	YBR115C,YCL018W,YCL030C,YDR158W,YER052C,YIL116W,YIR034C,YKL211C	LYS2,LEU2,HIS4,HOM2,HOM3,HIS5,LYS1,TRP3
NetworkNeighborAL	CL:8456	allantoin catabolic process	2819	128	3	3	0.0015	0.0315	YBR208C,YIR029W,YIR032C	DUR1,2,DAL2,DAL3
NetworkNeighborAL	CL:10308	mixed, incl. ABC transporter, and Major Facilitator Superfamily	2819	128	7	33	0.0014	0.0315	YDL121C,YGR097W,YGR281W,YIL121W,YLR179C,YNR055C,YPL058C	YDL121C,ASK10,YOR1,QDR2,YLR179C,HOL1,PDR12
NetworkNeighborAL	CL:4475	Nitrogen metabolism	2819	128	3	4	0.0025	0.0465	YDL171C,YOR375C,YPR035W	GLT1,GDH1,GLN1
PMID	PMID:31622418	(2019) Effects of MCHM on yeast metabolism.	2819	128	23	63	3.18e-13	3.77e-9	YCL018W,YCL030C,YDL198C,YDR158W,YEL021W,YER052C,YER145C,YER175C,YGL255W,YIL116W,YIR034C,YJR010W,YJR109C,YJR137C,YKL001C,YKL120W,YMR062C,YOL058W,YOL064C,YOL158C,YOR375C,YPL111W,YPR035W	LEU2,HIS4,GGC1,HOM2,URA3,HOM3,FTR1,TMT1,ZRT1,HIS5,LYS1,MET3,CPA2,MET5,MET14,OAC1,ARG7,ARG1,MET22,ENB1,GDH1,CAR1,GLN1
PMID	PMID:31799324	(2019) Transcriptomic and chemogenomic analyses unveil the essential role of Com2-regulon in response and tolerance of Saccharomyces cerevisiae to stress induced by sulfur dioxide.	2819	128	16	65	1.93e-7	0.0011	YBR115C,YER052C,YFR030W,YGL184C,YGR020C,YHR018C,YIL074C,YIR034C,YJR010W,YJR137C,YKL001C,YKR069W,YLL062C,YMR062C,YOL064C,YPR167C	LYS2,HOM3,MET10,STR3,VMA7,ARG4,SER33,LYS1,MET3,MET5,MET14,MET1,MHT1,ARG7,MET22,MET16
PMID	PMID:29564399	(2018) Dal81 Regulates Expression of Arginine Metabolism Genes in Candida parapsilosis.	2819	128	10	21	3.44e-7	0.0014	YBR208C,YCL018W,YGR121C,YHR018C,YIR031C,YJR109C,YLR120C,YLR438W,YOL058W,YPL111W	DUR1,2,LEU2,MEP1,ARG4,DAL7,CPA2,YPS1,CAR2,ARG1,CAR1
PMID	PMID:28435838	(2017) Thiol trapping and metabolic redistribution of sulfur metabolites enable cells to overcome cysteine overload.	2819	128	10	22	4.81e-7	0.0014	YER175C,YFR030W,YGL117W,YGL184C,YGL255W,YHR018C,YJR010W,YJR137C,YKL001C,YLL062C	TMT1,MET10,YGL117W,STR3,ZRT1,ARG4,MET3,MET5,MET14,MHT1
PMID	PMID:20497545	(2010) Nutrient control of eukaryote cell growth: a systems biology study in yeast.	2819	128	15	65	9.78e-7	0.0023	YCL018W,YDL171C,YEL021W,YEL071W,YER081W,YGR175C,YIL116W,YIR034C,YKL120W,YLR120C,YLR142W,YMR096W,YNL117W,YOL064C,YOR375C	LEU2,GLT1,URA3,DLD3,SER3,ERG1,HIS5,LYS1,OAC1,YPS1,PUT1,SNZ1,MLS1,MET22,GDH1
PMID	PMID:26899143	(2016) The modification of Gat1p in nitrogen catabolite repression to enhance non-preferred nitrogen utilization in Saccharomyces cerevisiae.	2819	128	8	14	1.95e-6	0.0039	YBR208C,YCL018W,YEL021W,YIR029W,YIR031C,YIR032C,YLR142W,YPL111W	DUR1,2,LEU2,URA3,DAL2,DAL7,DAL3,PUT1,CAR1
PMID	PMID:22916735	(2012) Transcriptomics in human blood incubation reveals the importance of oxidative stress response in Saccharomyces cerevisiae clinical strains.	2819	128	11	35	2.46e-6	0.0039	YCL018W,YDL198C,YEL021W,YER081W,YGL255W,YHR215W,YIL074C,YIL116W,YIR034C,YKL211C,YOL058W	LEU2,GGC1,URA3,SER3,ZRT1,PHO12,SER33,HIS5,LYS1,TRP3,ARG1
PMID	PMID:21586647	(2011) The fungal pathogen Candida albicans autoinduces hyphal morphogenesis by raising extracellular pH.	2819	128	8	14	1.95e-6	0.0039	YBR208C,YFR030W,YGR121C,YKR069W,YLR438W,YNL117W,YOL058W,YPL111W	DUR1,2,MET10,MEP1,MET1,CAR2,MLS1,ARG1,CAR1
PMID	PMID:29173629	(2018) Hydrogen sulfide synthesis in native Saccharomyces cerevisiae strains during alcoholic fermentations.	2819	128	6	7	7.98e-6	0.0105	YDR158W,YFR030W,YIL074C,YJR010W,YJR137C,YKR069W	HOM2,MET10,SER33,MET3,MET5,MET1
PMID	PMID:26865023	(2016) Effects of three permeases on arginine utilization in Saccharomyces cerevisiae.	2819	128	7	13	1.2e-5	0.0133	YCL018W,YEL021W,YHR018C,YIL116W,YLR438W,YOL058W,YPL111W	LEU2,URA3,ARG4,HIS5,CAR2,ARG1,CAR1
PMID	PMID:26083446	(2015) Yeast Surface Display of Two Proteins Previously Shown to Be Protective Against White Spot Syndrome Virus (WSSV) in Shrimp.	2819	128	6	8	1.35e-5	0.0133	YBR115C,YCL018W,YCL030C,YEL021W,YHR018C,YKL164C	LYS2,LEU2,HIS4,URA3,ARG4,PIR1
PMID	PMID:21880600	(2011) Activation-induced disruption of nucleosome position clusters on the coding regions of Gcn4-dependent genes extends into neighbouring genes.	2819	128	9	26	1.12e-5	0.0133	YCL018W,YCL030C,YCR005C,YEL021W,YHR018C,YHR215W,YIR034C,YOL058W,YPR037C	LEU2,HIS4,CIT2,URA3,ARG4,PHO12,LYS1,ARG1,ERV2
PMID	PMID:28754723	(2017) A Functional Link Between Bir1 and the Saccharomyces cerevisiae Ctf19 Kinetochore Complex Revealed Through Quantitative Fitness Analysis.	2819	128	12	56	2.45e-5	0.0224	YBR115C,YCL018W,YCL030C,YEL021W,YER145C,YHR018C,YIL116W,YIR034C,YKL110C,YMR062C,YMR198W,YOL058W	LYS2,LEU2,HIS4,URA3,FTR1,ARG4,HIS5,LYS1,KTI12,ARG7,CIK1,ARG1
PMID	PMID:23496978	(2013) De-novo assembly and characterization of the transcriptome of Metschnikowia fructicola reveals differences in gene expression following interaction with Penicillium digitatum and grapefruit peel.	2819	128	10	38	2.69e-5	0.0228	YER145C,YFR030W,YGL255W,YGR121C,YGR175C,YGR281W,YJR109C,YJR137C,YLR438W,YPL111W	FTR1,MET10,ZRT1,MEP1,ERG1,YOR1,CPA2,MET5,CAR2,CAR1
PMID	PMID:23667704	(2013) Characterization of the complete uric acid degradation pathway in the fungal pathogen Cryptococcus neoformans.	2819	128	5	5	3.03e-5	0.0239	YBR208C,YIR029W,YIR031C,YIR032C,YOR375C	DUR1,2,DAL2,DAL7,DAL3,GDH1
PMID	PMID:24416162	(2014) Impact of acute metal stress in Saccharomyces cerevisiae.	2819	128	11	51	5.17e-5	0.0384	YCL018W,YCL030C,YEL021W,YER145C,YHR018C,YIL116W,YJR109C,YJR137C,YOL058W,YOL158C,YPR167C	LEU2,HIS4,URA3,FTR1,ARG4,HIS5,CPA2,MET5,ARG1,ENB1,MET16
PMID	PMID:29628310	(2018) Gcn4 Binding in Coding Regions Can Activate Internal and Canonical 5' Promoters in Yeast.	2819	128	10	42	5.61e-5	0.0392	YCL018W,YCL030C,YDR158W,YEL021W,YFL028C,YHR018C,YJR109C,YOL058W,YOL064C,YPL111W	LEU2,HIS4,HOM2,URA3,CAF16,ARG4,CPA2,ARG1,MET22,CAR1
Process	GO:1901607	alpha-amino acid biosynthetic process	2819	128	29	106	8.49e-14	9.71e-11	YBR115C,YCL018W,YCL030C,YCR005C,YDL171C,YDR158W,YER052C,YER081W,YFR030W,YGL184C,YHR018C,YIL074C,YIL116W,YIR034C,YJR010W,YJR109C,YJR137C,YKL001C,YKL211C,YKR069W,YLL062C,YLR142W,YLR438W,YMR062C,YOL058W,YOL064C,YOR375C,YPR035W,YPR167C	LYS2,LEU2,HIS4,CIT2,GLT1,HOM2,HOM3,SER3,MET10,STR3,ARG4,SER33,HIS5,LYS1,MET3,CPA2,MET5,MET14,TRP3,MET1,MHT1,PUT1,CAR2,ARG7,ARG1,MET22,GDH1,GLN1,MET16
Process	GO:1901605	alpha-amino acid metabolic process	2819	128	33	154	4.85e-13	1.96e-10	YBR115C,YBR208C,YCL018W,YCL030C,YCR005C,YDL171C,YDR158W,YER052C,YER081W,YFR030W,YGL184C,YHR018C,YIL074C,YIL116W,YIR034C,YJL060W,YJR010W,YJR109C,YJR137C,YKL001C,YKL211C,YKR069W,YLL062C,YLR142W,YLR438W,YMR062C,YNL191W,YOL058W,YOL064C,YOR375C,YPL111W,YPR035W,YPR167C	LYS2,DUR1,2,LEU2,HIS4,CIT2,GLT1,HOM2,HOM3,SER3,MET10,STR3,ARG4,SER33,HIS5,LYS1,BNA3,MET3,CPA2,MET5,MET14,TRP3,MET1,MHT1,PUT1,CAR2,ARG7,DUG3,ARG1,MET22,GDH1,CAR1,GLN1,MET16
Process	GO:0046394	carboxylic acid biosynthetic process	2819	128	32	169	2.23e-11	6.37e-9	YBR115C,YCL018W,YCL030C,YCR005C,YDL171C,YDR158W,YEL071W,YER052C,YER081W,YFR030W,YGL184C,YHR018C,YIL074C,YIL116W,YIR034C,YJL060W,YJR010W,YJR109C,YJR137C,YKL001C,YKL211C,YKR069W,YKR080W,YLL062C,YLR142W,YLR438W,YMR062C,YOL058W,YOL064C,YOR375C,YPR035W,YPR167C	LYS2,LEU2,HIS4,CIT2,GLT1,HOM2,DLD3,HOM3,SER3,MET10,STR3,ARG4,SER33,HIS5,LYS1,BNA3,MET3,CPA2,MET5,MET14,TRP3,MET1,MTD1,MHT1,PUT1,CAR2,ARG7,ARG1,MET22,GDH1,GLN1,MET16
Process	GO:0006520	cellular amino acid metabolic process	2819	128	34	195	3.45e-11	6.57e-9	YBR115C,YBR208C,YCL018W,YCL030C,YCR005C,YDL171C,YDR158W,YER052C,YER081W,YFR030W,YGL184C,YHR018C,YIL074C,YIL116W,YIR034C,YJL060W,YJR010W,YJR109C,YJR137C,YKL001C,YKL211C,YKL218C,YKR069W,YLL062C,YLR142W,YLR438W,YMR062C,YNL191W,YOL058W,YOL064C,YOR375C,YPL111W,YPR035W,YPR167C	LYS2,DUR1,2,LEU2,HIS4,CIT2,GLT1,HOM2,HOM3,SER3,MET10,STR3,ARG4,SER33,HIS5,LYS1,BNA3,MET3,CPA2,MET5,MET14,TRP3,SRY1,MET1,MHT1,PUT1,CAR2,ARG7,DUG3,ARG1,MET22,GDH1,CAR1,GLN1,MET16
Process	GO:0044283	small molecule biosynthetic process	2819	128	38	265	3.38e-10	5.52e-8	YBR115C,YCL018W,YCL030C,YCR005C,YDL171C,YDR158W,YEL021W,YEL071W,YER052C,YER081W,YFR030W,YGL062W,YGL184C,YGR175C,YHR018C,YIL074C,YIL116W,YIR034C,YJL060W,YJR010W,YJR109C,YJR137C,YKL001C,YKL211C,YKR069W,YKR080W,YLL062C,YLR142W,YLR410W,YLR438W,YML075C,YMR062C,YMR096W,YOL058W,YOL064C,YOR375C,YPR035W,YPR167C	LYS2,LEU2,HIS4,CIT2,GLT1,HOM2,URA3,DLD3,HOM3,SER3,MET10,PYC1,STR3,ERG1,ARG4,SER33,HIS5,LYS1,BNA3,MET3,CPA2,MET5,MET14,TRP3,MET1,MTD1,MHT1,PUT1,VIP1,CAR2,HMG1,ARG7,SNZ1,ARG1,MET22,GDH1,GLN1,MET16
Process	GO:0019752	carboxylic acid metabolic process	2819	128	40	296	5.05e-10	7.23e-8	YBR115C,YBR208C,YCL018W,YCL030C,YCR005C,YDL171C,YDR158W,YDR539W,YEL071W,YER052C,YER081W,YFR030W,YGL062W,YGL184C,YHR018C,YIL074C,YIL116W,YIR031C,YIR034C,YJL060W,YJR010W,YJR109C,YJR137C,YKL001C,YKL211C,YKL218C,YKR069W,YKR080W,YLL062C,YLR142W,YLR438W,YMR062C,YNL117W,YNL191W,YOL058W,YOL064C,YOR375C,YPL111W,YPR035W,YPR167C	LYS2,DUR1,2,LEU2,HIS4,CIT2,GLT1,HOM2,FDC1,DLD3,HOM3,SER3,MET10,PYC1,STR3,ARG4,SER33,HIS5,DAL7,LYS1,BNA3,MET3,CPA2,MET5,MET14,TRP3,SRY1,MET1,MTD1,MHT1,PUT1,CAR2,ARG7,MLS1,DUG3,ARG1,MET22,GDH1,CAR1,GLN1,MET16
Process	GO:0009064	glutamine family amino acid metabolic process	2819	128	14	47	1.65e-7	1.72e-5	YBR208C,YCR005C,YDL171C,YHR018C,YJR109C,YKL211C,YLR142W,YLR438W,YMR062C,YNL191W,YOL058W,YOR375C,YPL111W,YPR035W	DUR1,2,CIT2,GLT1,ARG4,CPA2,TRP3,PUT1,CAR2,ARG7,DUG3,ARG1,GDH1,CAR1,GLN1
Process	GO:0044281	small molecule metabolic process	2819	128	49	532	4.95e-7	4.72e-5	YBR029C,YBR115C,YBR208C,YCL018W,YCL030C,YCR005C,YDL171C,YDR158W,YDR539W,YEL021W,YEL071W,YER052C,YER081W,YFR030W,YGL062W,YGL184C,YGR175C,YHR018C,YIL074C,YIL116W,YIR029W,YIR031C,YIR032C,YIR034C,YJL060W,YJR010W,YJR109C,YJR137C,YKL001C,YKL211C,YKL218C,YKR069W,YKR080W,YLL062C,YLR142W,YLR410W,YLR438W,YML075C,YMR062C,YMR096W,YNL117W,YNL191W,YNR019W,YOL058W,YOL064C,YOR375C,YPL111W,YPR035W,YPR167C	CDS1,LYS2,DUR1,2,LEU2,HIS4,CIT2,GLT1,HOM2,FDC1,URA3,DLD3,HOM3,SER3,MET10,PYC1,STR3,ERG1,ARG4,SER33,HIS5,DAL2,DAL7,DAL3,LYS1,BNA3,MET3,CPA2,MET5,MET14,TRP3,SRY1,MET1,MTD1,MHT1,PUT1,VIP1,CAR2,HMG1,ARG7,SNZ1,MLS1,DUG3,ARE2,ARG1,MET22,GDH1,CAR1,GLN1,MET16
Process	GO:0009067	aspartate family amino acid biosynthetic process	2819	128	13	46	7.84e-7	6.9e-5	YBR115C,YDR158W,YER052C,YFR030W,YGL184C,YIR034C,YJR010W,YJR137C,YKL001C,YKR069W,YLL062C,YOL064C,YPR167C	LYS2,HOM2,HOM3,MET10,STR3,LYS1,MET3,MET5,MET14,MET1,MHT1,MET22,MET16
Process	GO:0009084	glutamine family amino acid biosynthetic process	2819	128	10	24	9.08e-7	7.42e-5	YCR005C,YDL171C,YHR018C,YJR109C,YLR142W,YLR438W,YMR062C,YOL058W,YOR375C,YPR035W	CIT2,GLT1,ARG4,CPA2,PUT1,CAR2,ARG7,ARG1,GDH1,GLN1
Process	GO:0009070	serine family amino acid biosynthetic process	2819	128	10	24	9.08e-7	7.42e-5	YDR158W,YER052C,YER081W,YFR030W,YGL184C,YIL074C,YJR010W,YJR137C,YKL001C,YPR167C	HOM2,HOM3,SER3,MET10,STR3,SER33,MET3,MET5,MET14,MET16
Process	GO:0009086	methionine biosynthetic process	2819	128	11	34	1.95e-6	1.4e-4	YDR158W,YER052C,YFR030W,YGL184C,YJR010W,YJR137C,YKL001C,YKR069W,YLL062C,YOL064C,YPR167C	HOM2,HOM3,MET10,STR3,MET3,MET5,MET14,MET1,MHT1,MET22,MET16
Process	GO:0000103	sulfate assimilation	2819	128	7	9	2.04e-6	1.4e-4	YFR030W,YJR010W,YJR137C,YKL001C,YKR069W,YOL064C,YPR167C	MET10,MET3,MET5,MET14,MET1,MET22,MET16
Process	GO:0006525	arginine metabolic process	2819	128	7	14	1.73e-5	8.6e-4	YBR208C,YHR018C,YJR109C,YLR438W,YMR062C,YOL058W,YPL111W	DUR1,2,ARG4,CPA2,CAR2,ARG7,ARG1,CAR1
Process	GO:0019748	secondary metabolic process	2819	128	6	9	2.17e-5	0.001	YDR539W,YFR030W,YJR010W,YJR137C,YKL001C,YPR167C	FDC1,MET10,MET3,MET5,MET14,MET16
Process	GO:0019344	cysteine biosynthetic process	2819	128	6	11	4.98e-5	0.0023	YFR030W,YGL184C,YJR010W,YJR137C,YKL001C,YPR167C	MET10,STR3,MET3,MET5,MET14,MET16
Process	GO:0070814	hydrogen sulfide biosynthetic process	2819	128	5	6	5.35e-5	0.0024	YFR030W,YJR010W,YJR137C,YKL001C,YPR167C	MET10,MET3,MET5,MET14,MET16
Process	GO:0009403	toxin biosynthetic process	2819	128	5	6	5.35e-5	0.0024	YFR030W,YJR010W,YJR137C,YKL001C,YPR167C	MET10,MET3,MET5,MET14,MET16
Process	GO:0019419	sulfate reduction	2819	128	4	4	2.1e-4	0.0072	YJR010W,YJR137C,YKL001C,YPR167C	MET3,MET5,MET14,MET16
Process	GO:0000256	allantoin catabolic process	2819	128	4	4	2.1e-4	0.0072	YBR208C,YIR029W,YIR031C,YIR032C	DUR1,2,DAL2,DAL7,DAL3
Process	GO:0055114	oxidation-reduction process	2819	128	29	319	2.9e-4	0.009	YBR115C,YCL018W,YCL030C,YCR005C,YDL171C,YDR158W,YEL071W,YER042W,YER081W,YFR030W,YGL107C,YGR175C,YIL074C,YIR031C,YIR034C,YJR010W,YJR137C,YKL001C,YKR043C,YKR046C,YKR069W,YKR080W,YLR142W,YML075C,YNL117W,YNL240C,YOR375C,YPR037C,YPR167C	LYS2,LEU2,HIS4,CIT2,GLT1,HOM2,DLD3,MXR1,SER3,MET10,RMD9,ERG1,SER33,DAL7,LYS1,MET3,MET5,MET14,SHB17,PET10,MET1,MTD1,PUT1,HMG1,MLS1,NAR1,GDH1,ERV2,MET16
Process	GO:0006790	sulfur compound metabolic process	2819	128	14	102	3.8e-4	0.0115	YDR158W,YER052C,YFR030W,YGL184C,YJR010W,YJR137C,YKL001C,YKR069W,YLL062C,YML075C,YNL191W,YNL240C,YOL064C,YPR167C	HOM2,HOM3,MET10,STR3,MET3,MET5,MET14,MET1,MHT1,HMG1,DUG3,NAR1,MET22,MET16
Process	GO:0019627	urea metabolic process	2819	128	4	7	8.8e-4	0.0259	YBR208C,YJR109C,YOL058W,YPL111W	DUR1,2,CPA2,ARG1,CAR1
Process	GO:0006097	glyoxylate cycle	2819	128	4	7	8.8e-4	0.0259	YCL018W,YCR005C,YIR031C,YNL117W	LEU2,CIT2,DAL7,MLS1
Process	GO:0006591	ornithine metabolic process	2819	128	4	8	0.0013	0.0358	YHR018C,YLR438W,YMR062C,YPL111W	ARG4,CAR2,ARG7,CAR1
Process	GO:0019379	sulfate assimilation, phosphoadenylyl sulfate reduction by phosphoadenylyl-sulfate reductase (thioredoxin)	2819	128	3	3	0.0015	0.0387	YJR010W,YKL001C,YPR167C	MET3,MET14,MET16
Process	GO:0006526	arginine biosynthetic process	2819	128	4	9	0.0018	0.0465	YHR018C,YJR109C,YMR062C,YOL058W	ARG4,CPA2,ARG7,ARG1
