category	term	number_of_genes	number_of_genes_in_background	ncbiTaxonId	inputGenes	preferredNames	p_value	fdr	description
Component	GO.0005730	123	236	4932	YAL025C,YAL059W,YBL024W,YBL026W,YBR057C,YBR142W,YBR154C,YBR247C,YCL054W,YCL059C,YCR035C,YCR072C,YDL014W,YDL031W,YDL051W,YDL084W,YDL148C,YDL153C,YDL160C,YDL208W,YDL213C,YDR060W,YDR083W,YDR087C,YDR101C,YDR194C,YDR299W,YDR324C,YDR432W,YDR496C,YER002W,YER006W,YER082C,YER127W,YER133W,YER164W,YFL002C,YFR001W,YFR028C,YGL070C,YGL111W,YGL171W,YGR030C,YGR095C,YGR103W,YGR128C,YGR158C,YGR159C,YGR245C,YGR251W,YHL034C,YHR052W,YHR069C,YHR088W,YHR089C,YHR196W,YIL079C,YIL091C,YJL033W,YJL050W,YJL076W,YJR063W,YKL009W,YKL021C,YKL082C,YKL113C,YKL172W,YKR081C,YKR092C,YLL008W,YLL011W,YLL034C,YLR009W,YLR153C,YLR175W,YLR186W,YLR197W,YLR222C,YML093W,YMR049C,YMR093W,YMR128W,YMR131C,YMR229C,YMR269W,YMR290C,YNL002C,YNL075W,YNL110C,YNL112W,YNL132W,YNL147W,YNL175C,YNL186W,YNL248C,YNR038W,YNR053C,YOL010W,YOL041C,YOL077C,YOL115W,YOR004W,YOR046C,YOR056C,YOR078W,YOR145C,YOR204W,YOR224C,YOR272W,YOR310C,YOR341W,YPL043W,YPL126W,YPL146C,YPL208W,YPL211W,YPL217C,YPL266W,YPR010C,YPR016C,YPR137W,YPR169W,YPR187W	MAK16,ECM1,NCL1,LSM2,MUM2,MAK5,RPB5,ENP1,SPB1,KRR1,RRP43,RSA4,NOP1,DBP10,LHP1,SUB2,NOP14,SAS10,DHH1,NHP2,NOP6,MAK21,RRP8,RRP1,ARX1,MSS116,BFR2,UTP4,NPL3,PUF6,NOP16,NUG1,UTP7,LCP5,GLC7,CHD1,SPB4,LOC1,CDC14,RPB9,NSA1,ROK1,POP6,RRP46,NOP7,UTP8,MTR3,NSR1,SDA1,NOP19,SBP1,CIC1,RRP4,RPF1,GAR1,UTP9,AIR1,UTP25,HCA4,MTR4,NET1,RPA12,MRT4,MAK11,RRP14,RAD27,EBP2,RPF2,SRP40,DRS1,SOF1,RIX7,RLP24,ACS2,CBF5,EMG1,NOP56,UTP13,UTP14,ERB1,UTP15,ECM16,RRB1,RRP5,TMA23,HAS1,RLP7,IMP4,NOP15,DBP2,KRE33,LSM7,NOP13,UBP10,RPA49,DBP6,NOG2,RCL1,NOP12,BRX1,PAP2,UTP23,DBP5,NOB1,BUD21,PNO1,DED1,RPB8,YTM1,NOP58,RPA190,NOP4,NAN1,NOP53,RKM1,NIP7,BMS1,DIM1,RPA135,TIF6,RRP9,JIP5,RPO26	4.79e-9	3.06e-6	nucleolus
Component	GO.0030684	89	159	4932	YAL025C,YAL035W,YAL059W,YBR247C,YBR267W,YCL054W,YCL059C,YDL014W,YDL031W,YDL148C,YDL153C,YDL213C,YDR060W,YDR083W,YDR087C,YDR091C,YDR101C,YDR299W,YDR324C,YDR496C,YER002W,YER006W,YER036C,YER082C,YER127W,YFL002C,YFR001W,YGL076C,YGL111W,YGL120C,YGL171W,YGR103W,YGR128C,YGR251W,YHR052W,YHR085W,YHR088W,YHR170W,YHR196W,YIL091C,YIR012W,YIR026C,YJL033W,YKL009W,YKL172W,YKR081C,YLL008W,YLL011W,YLL034C,YLR009W,YLR048W,YLR074C,YLR106C,YLR175W,YLR186W,YLR197W,YLR222C,YML093W,YMR049C,YMR093W,YMR128W,YMR229C,YMR290C,YNL002C,YNL075W,YNL110C,YNL132W,YNL175C,YNR038W,YNR053C,YOL010W,YOL041C,YOL077C,YOR004W,YOR046C,YOR056C,YOR078W,YOR145C,YOR272W,YOR310C,YPL043W,YPL126W,YPL169C,YPL211W,YPL217C,YPL226W,YPL266W,YPR016C,YPR137W	MAK16,FUN12,ECM1,ENP1,REI1,SPB1,KRR1,NOP1,DBP10,NOP14,SAS10,NOP6,MAK21,RRP8,RRP1,RLI1,ARX1,BFR2,UTP4,PUF6,NOP16,NUG1,ARB1,UTP7,LCP5,SPB4,LOC1,RPL7A,NSA1,PRP43,ROK1,NOP7,UTP8,NOP19,CIC1,IPI1,RPF1,NMD3,UTP9,UTP25,SQT1,YVH1,HCA4,MRT4,EBP2,RPF2,DRS1,SOF1,RIX7,RLP24,RPS0B,BUD20,MDN1,CBF5,EMG1,NOP56,UTP13,UTP14,ERB1,UTP15,ECM16,RRP5,HAS1,RLP7,IMP4,NOP15,KRE33,NOP13,DBP6,NOG2,RCL1,NOP12,BRX1,UTP23,DBP5,NOB1,BUD21,PNO1,YTM1,NOP58,NOP4,NAN1,MEX67,NIP7,BMS1,NEW1,DIM1,TIF6,RRP9	7.72e-8	2.47e-5	preribosome
Component	GO.0031981	214	529	4932	YAL025C,YAL043C,YAL059W,YAR007C,YBL023C,YBL024W,YBL026W,YBR057C,YBR142W,YBR154C,YBR198C,YBR231C,YBR247C,YBR253W,YBR279W,YCL016C,YCL029C,YCL054W,YCL059C,YCR035C,YCR072C,YDL002C,YDL005C,YDL014W,YDL031W,YDL051W,YDL076C,YDL084W,YDL140C,YDL147W,YDL148C,YDL150W,YDL153C,YDL160C,YDL208W,YDL213C,YDR060W,YDR083W,YDR087C,YDR101C,YDR167W,YDR176W,YDR190C,YDR194C,YDR195W,YDR228C,YDR299W,YDR324C,YDR392W,YDR432W,YDR496C,YEL032W,YER002W,YER006W,YER082C,YER088C,YER110C,YER127W,YER133W,YER164W,YFL002C,YFR001W,YFR028C,YFR037C,YGL070C,YGL097W,YGL111W,YGL171W,YGL207W,YGL213C,YGL244W,YGR002C,YGR030C,YGR095C,YGR103W,YGR116W,YGR128C,YGR158C,YGR159C,YGR245C,YGR251W,YGR275W,YHL034C,YHR041C,YHR052W,YHR069C,YHR085W,YHR088W,YHR089C,YHR167W,YHR170W,YHR196W,YHR197W,YIL079C,YIL091C,YIL106W,YIL126W,YIR008C,YJL011C,YJL033W,YJL050W,YJL074C,YJL076W,YJL140W,YJL164C,YJR046W,YJR063W,YJR132W,YKL009W,YKL018W,YKL021C,YKL082C,YKL113C,YKL172W,YKL186C,YKR002W,YKR029C,YKR081C,YKR092C,YLL008W,YLL011W,YLL034C,YLR009W,YLR052W,YLR086W,YLR106C,YLR153C,YLR175W,YLR186W,YLR197W,YLR222C,YLR321C,YLR347C,YLR401C,YLR418C,YLR455W,YML010W,YML085C,YML093W,YML127W,YMR033W,YMR044W,YMR049C,YMR091C,YMR093W,YMR117C,YMR128W,YMR131C,YMR229C,YMR236W,YMR269W,YMR277W,YMR290C,YMR307W,YMR308C,YNL002C,YNL059C,YNL075W,YNL085W,YNL110C,YNL112W,YNL132W,YNL147W,YNL175C,YNL182C,YNL186W,YNL189W,YNL216W,YNL248C,YNL309W,YNR038W,YNR053C,YOL004W,YOL005C,YOL010W,YOL012C,YOL041C,YOL077C,YOL115W,YOL126C,YOR004W,YOR046C,YOR056C,YOR074C,YOR078W,YOR116C,YOR145C,YOR151C,YOR204W,YOR224C,YOR272W,YOR310C,YOR341W,YOR352W,YPL001W,YPL043W,YPL082C,YPL126W,YPL127C,YPL129W,YPL146C,YPL169C,YPL208W,YPL211W,YPL217C,YPL235W,YPL266W,YPR010C,YPR016C,YPR135W,YPR137W,YPR162C,YPR169W,YPR187W	MAK16,PTA1,ECM1,RFA1,MCM2,NCL1,LSM2,MUM2,MAK5,RPB5,TAF5,SWC5,ENP1,SRB6,PAF1,DCC1,BIK1,SPB1,KRR1,RRP43,RSA4,NHP10,MED2,NOP1,DBP10,LHP1,RXT3,SUB2,RPO21,RPN5,NOP14,RPC53,SAS10,DHH1,NHP2,NOP6,MAK21,RRP8,RRP1,ARX1,TAF10,NGG1,RVB1,MSS116,REF2,PCF11,BFR2,UTP4,SPT3,NPL3,PUF6,MCM3,NOP16,NUG1,UTP7,DOT6,KAP123,LCP5,GLC7,CHD1,SPB4,LOC1,CDC14,RSC8,RPB9,SRM1,NSA1,ROK1,SPT16,SKI8,RTF1,SWC4,POP6,RRP46,NOP7,SPT6,UTP8,MTR3,NSR1,SDA1,NOP19,RTT102,SBP1,SRB2,CIC1,RRP4,IPI1,RPF1,GAR1,THP2,NMD3,UTP9,RIX1,AIR1,UTP25,MOB1,STH1,PRI1,RPC17,HCA4,MTR4,SMC3,NET1,RPB4,TPK1,TAH11,RPA12,NMD5,MRT4,SWD2,MAK11,RRP14,RAD27,EBP2,MTR2,PAP1,SET3,RPF2,SRP40,DRS1,SOF1,RIX7,RLP24,IES3,SMC4,MDN1,ACS2,CBF5,EMG1,NOP56,UTP13,SFH1,KAP95,DUS3,CDC73,PDP3,SPT5,TUB1,UTP14,RSC9,ARP9,IOC4,ERB1,NPL6,UTP15,SPC24,ECM16,RRB1,RRP5,TAF9,TMA23,FCP1,HAS1,GAS1,PSE1,RLP7,ARP5,IMP4,MKT1,NOP15,DBP2,KRE33,LSM7,NOP13,IPI3,UBP10,SRP1,RAP1,RPA49,STB1,DBP6,NOG2,SIN3,RPB11,RCL1,HTZ1,NOP12,BRX1,PAP2,MDH2,UTP23,DBP5,NOB1,CDC21,BUD21,RPO31,PNO1,RPB2,DED1,RPB8,YTM1,NOP58,RPA190,TFB6,HAT1,NOP4,MOT1,NAN1,HHO1,TAF14,NOP53,MEX67,RKM1,NIP7,BMS1,RVB2,DIM1,RPA135,TIF6,CTF4,RRP9,ORC4,JIP5,RPO26	1.79e-7	3.82e-5	nuclear lumen
Component	GO.0030687	49	72	4932	YAL025C,YAL035W,YAL059W,YBR267W,YCL054W,YDL031W,YDL213C,YDR060W,YDR083W,YDR087C,YDR091C,YDR101C,YDR496C,YER002W,YER006W,YER036C,YFR001W,YGL076C,YGL111W,YGR103W,YHR052W,YHR085W,YHR088W,YHR170W,YIR012W,YIR026C,YKL009W,YKL172W,YKR081C,YLL008W,YLL034C,YLR009W,YLR074C,YLR106C,YMR049C,YMR290C,YNL002C,YNL110C,YNR038W,YNR053C,YOL041C,YOL077C,YOR046C,YOR272W,YPL043W,YPL169C,YPL211W,YPL226W,YPR016C	MAK16,FUN12,ECM1,REI1,SPB1,DBP10,NOP6,MAK21,RRP8,RRP1,RLI1,ARX1,PUF6,NOP16,NUG1,ARB1,LOC1,RPL7A,NSA1,NOP7,CIC1,IPI1,RPF1,NMD3,SQT1,YVH1,MRT4,EBP2,RPF2,DRS1,RIX7,RLP24,BUD20,MDN1,ERB1,HAS1,RLP7,NOP15,DBP6,NOG2,NOP12,BRX1,DBP5,YTM1,NOP4,MEX67,NIP7,NEW1,TIF6	1.57e-6	2.5e-4	preribosome, large subunit precursor
Component	GO.0032991	431	1309	4932	YAL023C,YAL025C,YAL032C,YAL035W,YAL036C,YAL043C,YAL059W,YAR002W,YAR007C,YBL016W,YBL023C,YBL026W,YBL046W,YBL068W,YBR031W,YBR057C,YBR079C,YBR088C,YBR112C,YBR123C,YBR126C,YBR137W,YBR143C,YBR154C,YBR160W,YBR171W,YBR198C,YBR215W,YBR231C,YBR234C,YBR236C,YBR247C,YBR253W,YBR267W,YBR279W,YBR283C,YCL011C,YCL016C,YCL029C,YCL037C,YCL045C,YCL054W,YCL059C,YCR002C,YCR009C,YCR035C,YCR046C,YCR093W,YDL002C,YDL005C,YDL014W,YDL031W,YDL040C,YDL043C,YDL053C,YDL067C,YDL076C,YDL081C,YDL084W,YDL092W,YDL095W,YDL097C,YDL100C,YDL130W,YDL134C,YDL140C,YDL143W,YDL145C,YDL147W,YDL148C,YDL150W,YDL153C,YDL160C,YDL190C,YDL201W,YDL208W,YDL209C,YDL213C,YDL229W,YDR060W,YDR083W,YDR087C,YDR089W,YDR091C,YDR101C,YDR153C,YDR165W,YDR167W,YDR172W,YDR175C,YDR176W,YDR190C,YDR195W,YDR211W,YDR212W,YDR221W,YDR228C,YDR245W,YDR246W,YDR267C,YDR299W,YDR324C,YDR328C,YDR347W,YDR383C,YDR390C,YDR392W,YDR427W,YDR429C,YDR432W,YDR434W,YDR496C,YDR502C,YEL002C,YEL027W,YEL032W,YEL037C,YER002W,YER006W,YER019C-A,YER021W,YER025W,YER036C,YER070W,YER082C,YER088C,YER110C,YER125W,YER127W,YER133W,YER164W,YER166W,YER176W,YFL002C,YFL022C,YFR001W,YFR003C,YFR009W,YFR028C,YFR037C,YGL005C,YGL022W,YGL038C,YGL049C,YGL058W,YGL070C,YGL076C,YGL099W,YGL111W,YGL115W,YGL120C,YGL130W,YGL137W,YGL171W,YGL172W,YGL173C,YGL195W,YGL206C,YGL207W,YGL213C,YGL244W,YGL245W,YGR002C,YGR030C,YGR034W,YGR054W,YGR078C,YGR082W,YGR095C,YGR103W,YGR116W,YGR128C,YGR158C,YGR162W,YGR178C,YGR215W,YGR251W,YGR262C,YGR264C,YGR275W,YHL011C,YHL034C,YHR001W-A,YHR013C,YHR027C,YHR041C,YHR052W,YHR069C,YHR081W,YHR083W,YHR085W,YHR088W,YHR089C,YHR098C,YHR108W,YHR167W,YHR170W,YHR196W,YHR197W,YIL038C,YIL075C,YIL076W,YIL079C,YIL091C,YIL105C,YIL109C,YIL115C,YIL126W,YIL137C,YIR008C,YIR012W,YIR026C,YJL002C,YJL008C,YJL011C,YJL014W,YJL033W,YJL050W,YJL074C,YJL076W,YJL111W,YJL125C,YJL128C,YJL140W,YJL164C,YJL183W,YJR007W,YJR046W,YJR063W,YJR064W,YJR068W,YJR076C,YJR086W,YJR113C,YJR125C,YJR143C,YKL002W,YKL009W,YKL013C,YKL018W,YKL019W,YKL112W,YKL154W,YKL172W,YKL181W,YKL182W,YKL186C,YKL190W,YKL204W,YKL206C,YKL212W,YKR002W,YKR006C,YKR026C,YKR029C,YKR065C,YKR068C,YKR081C,YKR082W,YLL008W,YLL011W,YLL034C,YLL036C,YLR009W,YLR048W,YLR052W,YLR060W,YLR061W,YLR074C,YLR086W,YLR106C,YLR119W,YLR150W,YLR175W,YLR186W,YLR197W,YLR208W,YLR222C,YLR249W,YLR268W,YLR275W,YLR291C,YLR319C,YLR321C,YLR330W,YLR342W,YLR347C,YLR367W,YLR370C,YLR384C,YLR406C,YLR418C,YLR421C,YLR447C,YLR455W,YML010W,YML017W,YML036W,YML055W,YML085C,YML093W,YML101C,YML105C,YML115C,YML117W,YML127W,YMR012W,YMR022W,YMR033W,YMR044W,YMR049C,YMR058W,YMR091C,YMR093W,YMR109W,YMR117C,YMR125W,YMR128W,YMR158W,YMR229C,YMR236W,YMR237W,YMR246W,YMR261C,YMR277W,YMR290C,YMR296C,YMR309C,YNL002C,YNL014W,YNL016W,YNL059C,YNL072W,YNL075W,YNL085W,YNL110C,YNL118C,YNL132W,YNL147W,YNL153C,YNL175C,YNL182C,YNL189W,YNL216W,YNL248C,YNL251C,YNL271C,YNL288W,YNL290W,YNL306W,YNL309W,YNL323W,YNR017W,YNR037C,YNR038W,YNR049C,YNR053C,YOL004W,YOL005C,YOL010W,YOL012C,YOL039W,YOL041C,YOL077C,YOL108C,YOL115W,YOL124C,YOL143C,YOR004W,YOR046C,YOR056C,YOR078W,YOR115C,YOR116C,YOR132W,YOR145C,YOR151C,YOR157C,YOR164C,YOR204W,YOR212W,YOR224C,YOR254C,YOR260W,YOR261C,YOR270C,YOR272W,YOR303W,YOR310C,YOR341W,YOR352W,YOR361C,YOR369C,YPL001W,YPL037C,YPL043W,YPL048W,YPL050C,YPL063W,YPL086C,YPL094C,YPL098C,YPL099C,YPL120W,YPL126W,YPL127C,YPL129W,YPL169C,YPL178W,YPL211W,YPL217C,YPL218W,YPL226W,YPL231W,YPL235W,YPL237W,YPL266W,YPR010C,YPR016C,YPR036W,YPR051W,YPR072W,YPR088C,YPR108W,YPR135W,YPR137W,YPR162C,YPR163C,YPR165W,YPR181C,YPR187W	PMT2,MAK16,PRP45,FUN12,RBG1,PTA1,ECM1,NUP60,RFA1,FUS3,MCM2,LSM2,PSY4,PRS4,RPL4A,MUM2,RPG1,POL30,CYC8,TFC1,TPS1,YBR137W,SUP45,RPB5,CDC28,SEC66,TAF5,HPC2,SWC5,ARC40,ABD1,ENP1,SRB6,REI1,PAF1,SSH1,GBP2,DCC1,BIK1,SRO9,EMC1,SPB1,KRR1,CDC10,RVS161,RRP43,IMG1,CDC39,NHP10,MED2,NOP1,DBP10,NAT1,PRP11,PBP4,COX9,RXT3,RPP1A,SUB2,SRP14,PMT1,RPN6,GET3,RPP1B,PPH21,RPO21,CCT4,COP1,RPN5,NOP14,RPC53,SAS10,DHH1,UFD2,TRM8,NHP2,CWC2,NOP6,SSB1,MAK21,RRP8,RRP1,VTC5,RLI1,ARX1,ENT5,TRM82,TAF10,SUP35,RSM24,NGG1,RVB1,REF2,GCD6,TCP1,GTB1,PCF11,MNN10,TRS23,CIA1,BFR2,UTP4,SKP1,MRP1,NKP1,UBA2,SPT3,RPN9,TIF35,NPL3,GPI17,PUF6,SAM2,WBP1,VMA3,MCM3,RAD23,NOP16,NUG1,SBH2,RPN3,GCD11,ARB1,RNR1,UTP7,DOT6,KAP123,RSP5,LCP5,GLC7,CHD1,DNF1,ECM32,SPB4,FRS2,LOC1,YPI1,GCN20,CDC14,RSC8,COG7,STT3,OCH1,TIF4632,RAD6,RPB9,RPL7A,LSG1,NSA1,SNF4,PRP43,CEG1,SEC27,ROK1,NUP49,XRN1,GCN1,CHC1,SPT16,SKI8,RTF1,GUS1,SWC4,POP6,RPL26B,YGR054W,PAC10,TOM20,RRP46,NOP7,SPT6,UTP8,MTR3,TIF4631,PBP1,RSM27,NOP19,BUD32,MES1,RTT102,PRS3,SBP1,QCR10,ARD1,RPN1,SRB2,CIC1,RRP4,LRP1,SAM35,IPI1,RPF1,GAR1,SFB3,GGA2,THP2,NMD3,UTP9,RIX1,NOT3,RPN2,SEC28,AIR1,UTP25,SLM1,SEC24,NUP159,STH1,TMA108,PRI1,SQT1,YVH1,OST1,CCT8,RPC17,CCT3,HCA4,MTR4,SMC3,NET1,CCT7,GCD14,PBS2,RPB4,TPK1,MNN11,SUI2,TAH11,RPA12,CCT5,RFC2,CDC11,STE18,RSM7,ENT3,PMT4,DID4,MRT4,ARC19,SWD2,RAM2,ABF1,SRP102,EBP2,PRS1,FAS1,MTR2,CNB1,EAP1,ADD66,SAC1,PAP1,MRPL13,GCN3,SET3,PAM17,BET3,RPF2,NUP133,DRS1,SOF1,RIX7,PRP19,RLP24,RPS0B,IES3,FRS1,RPL22A,BUD20,SMC4,MDN1,SRN2,STM1,CBF5,EMG1,NOP56,SEC13,UTP13,YEF3,SEC22,SMD2,GCD7,BUD6,SFH1,CHS5,FKS1,KAP95,RPS22B,ARC18,IKI3,RPL31B,CDC73,RPN13,VMA6,PDP3,SPT5,PSP2,CGI121,SPC2,TUB1,UTP14,CUE4,SEC65,VAN1,NAB6,RSC9,CLU1,UBC7,ARP9,IOC4,ERB1,FET3,NPL6,UTP15,MYO5,SPC24,STO1,ECM16,MRPS8,RRP5,TAF9,BCH1,FAA4,TPS3,FCP1,HAS1,LCB1,NIP1,RLP7,HEF3,PUB1,ARP5,RNH201,IMP4,MKT1,NOP15,DCP2,KRE33,LSM7,GIM3,NOP13,IPI3,SRP1,RAP1,RPA49,NRD1,BNI1,CAF40,RFC3,MRPS18,STB1,LEM3,TIM23,RSM19,DBP6,MSO1,NOG2,SIN3,RPB11,RCL1,HTZ1,RPP2A,NOP12,BRX1,INO4,PAP2,TRM11,RIB4,UTP23,DBP5,NOB1,BUD21,TRS33,RPO31,VPS17,PNO1,RPB2,PUP1,GET4,DED1,STE4,RPB8,SEC63,GCD1,RPN8,VPH1,YTM1,CPA1,NOP58,RPA190,TFB6,PRT1,RPS12,HAT1,EGD1,NOP4,CAM1,MNN9,TIM50,ELP3,SEC62,MGR2,INA17,VPS30,NAN1,HHO1,TAF14,MEX67,CBC2,NIP7,BMS1,SAR1,NEW1,FAS2,RVB2,SUI3,DIM1,RPA135,TIF6,VMA13,MAK3,NOT5,SRP54,RPN7,CTF4,RRP9,ORC4,TIF3,RHO1,SEC23,RPO26	1.12e-5	0.0014	protein-containing complex
Component	GO.1990904	180	466	4932	YAL025C,YAL032C,YAL035W,YAL036C,YAL059W,YBL016W,YBL026W,YBR031W,YBR079C,YBR143C,YBR160W,YBR247C,YBR267W,YCL011C,YCL037C,YCL054W,YCL059C,YCR046C,YCR093W,YDL014W,YDL031W,YDL043C,YDL053C,YDL081C,YDL084W,YDL092W,YDL130W,YDL134C,YDL140C,YDL148C,YDL153C,YDL160C,YDL208W,YDL209C,YDL213C,YDL229W,YDR060W,YDR083W,YDR087C,YDR091C,YDR101C,YDR172W,YDR175C,YDR299W,YDR324C,YDR347W,YDR429C,YDR432W,YDR496C,YDR502C,YER002W,YER006W,YER025W,YER036C,YER082C,YER110C,YER127W,YER176W,YFL002C,YFR001W,YFR009W,YGL049C,YGL076C,YGL099W,YGL111W,YGL120C,YGL171W,YGL173C,YGL195W,YGL245W,YGR030C,YGR034W,YGR054W,YGR078C,YGR103W,YGR128C,YGR162W,YGR178C,YGR215W,YGR251W,YHL034C,YHR052W,YHR085W,YHR088W,YHR089C,YHR170W,YHR196W,YIL038C,YIL091C,YIR012W,YIR026C,YJL033W,YJL128C,YJL140W,YJR007W,YJR113C,YKL009W,YKL172W,YKL181W,YKL204W,YKR006C,YKR081C,YLL008W,YLL011W,YLL034C,YLL036C,YLR009W,YLR048W,YLR061W,YLR074C,YLR106C,YLR150W,YLR175W,YLR186W,YLR197W,YLR222C,YLR249W,YLR275W,YLR367W,YLR406C,YML017W,YML093W,YML105C,YML117W,YMR012W,YMR049C,YMR093W,YMR125W,YMR128W,YMR158W,YMR229C,YMR246W,YMR290C,YMR309C,YNL002C,YNL014W,YNL016W,YNL075W,YNL085W,YNL110C,YNL118C,YNL132W,YNL147W,YNL175C,YNL288W,YNL306W,YNR037C,YNR038W,YNR053C,YOL010W,YOL039W,YOL041C,YOL077C,YOR004W,YOR046C,YOR056C,YOR078W,YOR145C,YOR151C,YOR204W,YOR272W,YOR303W,YOR310C,YOR361C,YOR369C,YPL043W,YPL048W,YPL126W,YPL169C,YPL178W,YPL211W,YPL217C,YPL226W,YPL237W,YPL266W,YPR016C,YPR072W,YPR088C,YPR137W,YPR163C	MAK16,PRP45,FUN12,RBG1,ECM1,FUS3,LSM2,RPL4A,RPG1,SUP45,CDC28,ENP1,REI1,GBP2,SRO9,SPB1,KRR1,IMG1,CDC39,NOP1,DBP10,PRP11,PBP4,RPP1A,SUB2,SRP14,RPP1B,PPH21,RPO21,NOP14,SAS10,DHH1,NHP2,CWC2,NOP6,SSB1,MAK21,RRP8,RRP1,RLI1,ARX1,SUP35,RSM24,BFR2,UTP4,MRP1,TIF35,NPL3,PUF6,SAM2,NOP16,NUG1,GCD11,ARB1,UTP7,KAP123,LCP5,ECM32,SPB4,LOC1,GCN20,TIF4632,RPL7A,LSG1,NSA1,PRP43,ROK1,XRN1,GCN1,GUS1,POP6,RPL26B,YGR054W,PAC10,NOP7,UTP8,TIF4631,PBP1,RSM27,NOP19,SBP1,CIC1,IPI1,RPF1,GAR1,NMD3,UTP9,NOT3,UTP25,SQT1,YVH1,HCA4,PBS2,RPB4,SUI2,RSM7,MRT4,EBP2,PRS1,EAP1,MRPL13,RPF2,DRS1,SOF1,RIX7,PRP19,RLP24,RPS0B,RPL22A,BUD20,MDN1,STM1,CBF5,EMG1,NOP56,UTP13,YEF3,SMD2,RPS22B,RPL31B,PSP2,UTP14,SEC65,NAB6,CLU1,ERB1,UTP15,STO1,ECM16,MRPS8,RRP5,FAA4,HAS1,NIP1,RLP7,HEF3,PUB1,IMP4,MKT1,NOP15,DCP2,KRE33,LSM7,NOP13,CAF40,MRPS18,RSM19,DBP6,NOG2,RCL1,RPP2A,NOP12,BRX1,UTP23,DBP5,NOB1,BUD21,PNO1,RPB2,DED1,YTM1,CPA1,NOP58,PRT1,RPS12,NOP4,CAM1,NAN1,MEX67,CBC2,NIP7,BMS1,NEW1,SUI3,DIM1,TIF6,NOT5,SRP54,RRP9,TIF3	2.55e-5	0.0027	ribonucleoprotein complex
Component	GO.0043232	293	838	4932	YAL025C,YAL035W,YAL036C,YAL059W,YAR007C,YBL016W,YBL023C,YBL024W,YBL026W,YBR031W,YBR057C,YBR079C,YBR088C,YBR108W,YBR142W,YBR143C,YBR154C,YBR160W,YBR177C,YBR231C,YBR234C,YBR247C,YBR265W,YBR279W,YCL011C,YCL016C,YCL029C,YCL037C,YCL054W,YCL059C,YCL064C,YCR002C,YCR009C,YCR035C,YCR046C,YCR072C,YCR093W,YDL002C,YDL014W,YDL031W,YDL051W,YDL053C,YDL058W,YDL076C,YDL081C,YDL084W,YDL130W,YDL134C,YDL140C,YDL148C,YDL153C,YDL160C,YDL208W,YDL213C,YDL225W,YDR060W,YDR063W,YDR083W,YDR087C,YDR101C,YDR172W,YDR175C,YDR190C,YDR194C,YDR299W,YDR324C,YDR328C,YDR347W,YDR383C,YDR389W,YDR429C,YDR432W,YDR496C,YDR502C,YEL032W,YEL040W,YER002W,YER006W,YER016W,YER082C,YER088C,YER110C,YER125W,YER127W,YER133W,YER164W,YER176W,YFL002C,YFR001W,YFR009W,YFR024C-A,YFR028C,YFR037C,YGL049C,YGL058W,YGL070C,YGL076C,YGL097W,YGL099W,YGL111W,YGL171W,YGL173C,YGL195W,YGL207W,YGL213C,YGL244W,YGL245W,YGR002C,YGR030C,YGR034W,YGR054W,YGR092W,YGR095C,YGR103W,YGR116W,YGR128C,YGR158C,YGR159C,YGR162W,YGR178C,YGR215W,YGR245C,YGR251W,YGR262C,YGR275W,YHL034C,YHR052W,YHR069C,YHR088W,YHR089C,YHR196W,YIL038C,YIL079C,YIL091C,YIL106W,YIL124W,YIL126W,YIL140W,YIR008C,YIR026C,YJL033W,YJL042W,YJL050W,YJL074C,YJL076W,YJL128C,YJL140W,YJL164C,YJL168C,YJR007W,YJR063W,YJR068W,YJR076C,YJR113C,YJR125C,YKL009W,YKL013C,YKL018W,YKL021C,YKL054C,YKL082C,YKL101W,YKL113C,YKL172W,YKL181W,YKL182W,YKL204W,YKR006C,YKR029C,YKR081C,YKR082W,YKR092C,YLL008W,YLL011W,YLL034C,YLR009W,YLR048W,YLR052W,YLR061W,YLR086W,YLR153C,YLR175W,YLR186W,YLR197W,YLR222C,YLR229C,YLR249W,YLR319C,YLR321C,YLR342W,YLR367W,YLR370C,YLR406C,YLR418C,YML008C,YML017W,YML036W,YML085C,YML093W,YML117W,YML127W,YMR012W,YMR033W,YMR044W,YMR049C,YMR091C,YMR093W,YMR109W,YMR117C,YMR128W,YMR131C,YMR152W,YMR158W,YMR229C,YMR235C,YMR246W,YMR269W,YMR290C,YMR309C,YNL002C,YNL014W,YNL016W,YNL059C,YNL075W,YNL084C,YNL085W,YNL110C,YNL112W,YNL116W,YNL118C,YNL132W,YNL138W,YNL147W,YNL166C,YNL175C,YNL186W,YNL216W,YNL225C,YNL248C,YNL271C,YNL288W,YNL290W,YNL306W,YNL309W,YNR037C,YNR038W,YNR053C,YOL004W,YOL010W,YOL012C,YOL039W,YOL041C,YOL077C,YOL115W,YOR004W,YOR046C,YOR056C,YOR078W,YOR145C,YOR151C,YOR204W,YOR224C,YOR239W,YOR272W,YOR303W,YOR310C,YOR317W,YOR341W,YOR361C,YOR369C,YPL001W,YPL043W,YPL048W,YPL082C,YPL126W,YPL127C,YPL129W,YPL146C,YPL208W,YPL211W,YPL217C,YPL235W,YPL266W,YPR010C,YPR016C,YPR072W,YPR135W,YPR137W,YPR139C,YPR162C,YPR163C,YPR169W,YPR187W	MAK16,FUN12,RBG1,ECM1,RFA1,FUS3,MCM2,NCL1,LSM2,RPL4A,MUM2,RPG1,POL30,AIM3,MAK5,SUP45,RPB5,CDC28,EHT1,SWC5,ARC40,ENP1,TSC10,PAF1,GBP2,DCC1,BIK1,SRO9,SPB1,KRR1,CHA1,CDC10,RVS161,RRP43,IMG1,RSA4,CDC39,NHP10,NOP1,DBP10,LHP1,PBP4,USO1,RXT3,RPP1A,SUB2,RPP1B,PPH21,RPO21,NOP14,SAS10,DHH1,NHP2,NOP6,SHS1,MAK21,AIM7,RRP8,RRP1,ARX1,SUP35,RSM24,RVB1,MSS116,BFR2,UTP4,SKP1,MRP1,NKP1,SAC7,TIF35,NPL3,PUF6,SAM2,MCM3,UTR2,NOP16,NUG1,BIM1,UTP7,DOT6,KAP123,RSP5,LCP5,GLC7,CHD1,ECM32,SPB4,LOC1,GCN20,LSB3,CDC14,RSC8,TIF4632,RAD6,RPB9,RPL7A,SRM1,LSG1,NSA1,ROK1,XRN1,GCN1,SPT16,SKI8,RTF1,GUS1,SWC4,POP6,RPL26B,YGR054W,DBF2,RRP46,NOP7,SPT6,UTP8,MTR3,NSR1,TIF4631,PBP1,RSM27,SDA1,NOP19,BUD32,RTT102,SBP1,CIC1,RRP4,RPF1,GAR1,UTP9,NOT3,AIR1,UTP25,MOB1,AYR1,STH1,AXL2,PRI1,YVH1,HCA4,MHP1,MTR4,SMC3,NET1,PBS2,RPB4,TPK1,SET2,SUI2,RPA12,RFC2,CDC11,RSM7,ENT3,MRT4,ARC19,SWD2,MAK11,DEF1,RRP14,HSL1,RAD27,EBP2,PRS1,FAS1,EAP1,MRPL13,SET3,RPF2,NUP133,SRP40,DRS1,SOF1,RIX7,RLP24,RPS0B,IES3,RPL22A,SMC4,ACS2,CBF5,EMG1,NOP56,UTP13,CDC42,YEF3,BUD6,SFH1,FKS1,RPS22B,ARC18,RPL31B,CDC73,ERG6,PSP2,CGI121,TUB1,UTP14,NAB6,RSC9,CLU1,ARP9,IOC4,ERB1,NPL6,UTP15,MYO5,SPC24,ECM16,RRB1,YIM1,MRPS8,RRP5,RNA1,FAA4,TMA23,HAS1,NIP1,RLP7,HEF3,PUB1,ARP5,IMP4,END3,MKT1,NOP15,DBP2,DMA2,DCP2,KRE33,SRV2,LSM7,BNI5,NOP13,UBP10,RAP1,CNM67,RPA49,BNI1,CAF40,RFC3,MRPS18,STB1,RSM19,DBP6,NOG2,SIN3,RCL1,HTZ1,RPP2A,NOP12,BRX1,PAP2,UTP23,DBP5,NOB1,BUD21,PNO1,RPB2,DED1,RPB8,ABP140,YTM1,CPA1,NOP58,FAA1,RPA190,PRT1,RPS12,HAT1,NOP4,CAM1,MOT1,NAN1,HHO1,TAF14,NOP53,RKM1,NIP7,BMS1,RVB2,DIM1,RPA135,TIF6,NOT5,CTF4,RRP9,LOA1,ORC4,TIF3,JIP5,RPO26	2.62e-5	0.0027	intracellular non-membrane-bounded organelle
Function	GO.0003723	168	432	4932	YAL035W,YAR007C,YBL024W,YBL026W,YBL076C,YBR031W,YBR079C,YBR142W,YBR143C,YBR236C,YBR247C,YCL011C,YCL037C,YCL059C,YCR035C,YDL014W,YDL031W,YDL043C,YDL044C,YDL051W,YDL084W,YDL092W,YDL148C,YDL160C,YDL201W,YDL208W,YDL209C,YDL213C,YDL219W,YDR060W,YDR091C,YDR117C,YDR172W,YDR194C,YDR195W,YDR211W,YDR228C,YDR429C,YDR432W,YDR496C,YER006W,YER025W,YER049W,YER155C,YER168C,YER176W,YFL002C,YFL022C,YFR001W,YGL014W,YGL049C,YGL076C,YGL099W,YGL120C,YGL171W,YGL173C,YGL211W,YGL232W,YGL244W,YGL245W,YGL246C,YGR030C,YGR034W,YGR054W,YGR092W,YGR095C,YGR103W,YGR128C,YGR158C,YGR159C,YGR162W,YGR178C,YHL034C,YHR069C,YHR081W,YHR088W,YHR089C,YHR196W,YIL091C,YJL033W,YJL050W,YJR007W,YJR113C,YKL009W,YKL082C,YKL130C,YKL172W,YKL204W,YKR002W,YKR026C,YKR081C,YLL008W,YLL011W,YLR009W,YLR060W,YLR061W,YLR069C,YLR175W,YLR186W,YLR197W,YLR222C,YLR249W,YLR275W,YLR291C,YLR384C,YLR401C,YML010W,YML014W,YML017W,YML056C,YML105C,YML117W,YMR012W,YMR049C,YMR093W,YMR125W,YMR128W,YMR229C,YMR290C,YMR302C,YMR309C,YNL002C,YNL014W,YNL016W,YNL072W,YNL075W,YNL110C,YNL112W,YNL118C,YNL132W,YNL147W,YNL175C,YNL251C,YNL306W,YNR037C,YNR038W,YOL041C,YOL077C,YOL115W,YOL124C,YOR004W,YOR046C,YOR056C,YOR078W,YOR112W,YOR145C,YOR151C,YOR204W,YOR243C,YOR260W,YOR310C,YOR361C,YPL043W,YPL048W,YPL126W,YPL146C,YPL169C,YPL178W,YPL211W,YPL212C,YPL217C,YPL226W,YPL237W,YPL266W,YPR016C,YPR088C,YPR137W,YPR163C	FUN12,RFA1,NCL1,LSM2,ILS1,RPL4A,RPG1,MAK5,SUP45,ABD1,ENP1,GBP2,SRO9,KRR1,RRP43,NOP1,DBP10,PRP11,MTF2,LHP1,SUB2,SRP14,NOP14,DHH1,TRM8,NHP2,CWC2,NOP6,DTD1,MAK21,RLI1,TMA64,SUP35,MSS116,REF2,GCD6,PCF11,TIF35,NPL3,PUF6,NUG1,GCD11,TPA1,BEM2,CCA1,ECM32,SPB4,FRS2,LOC1,PUF4,TIF4632,RPL7A,LSG1,PRP43,ROK1,XRN1,NCS6,TAN1,RTF1,GUS1,RAI1,POP6,RPL26B,YGR054W,DBF2,RRP46,NOP7,UTP8,MTR3,NSR1,TIF4631,PBP1,SBP1,RRP4,LRP1,RPF1,GAR1,UTP9,UTP25,HCA4,MTR4,SUI2,RSM7,MRT4,RRP14,SHE2,EBP2,EAP1,PAP1,GCN3,RPF2,DRS1,SOF1,RLP24,FRS1,RPL22A,MEF1,CBF5,EMG1,NOP56,UTP13,YEF3,SMD2,GCD7,IKI3,DUS3,SPT5,TRM9,PSP2,IMD4,SEC65,NAB6,CLU1,ERB1,UTP15,STO1,ECM16,RRP5,HAS1,YME2,NIP1,RLP7,HEF3,PUB1,RNH201,IMP4,NOP15,DBP2,DCP2,KRE33,LSM7,NOP13,NRD1,MRPS18,RSM19,DBP6,NOP12,BRX1,PAP2,TRM11,UTP23,DBP5,NOB1,BUD21,CEX1,PNO1,RPB2,DED1,PUS7,GCD1,NOP58,PRT1,NOP4,CAM1,NAN1,NOP53,MEX67,CBC2,NIP7,PUS1,BMS1,NEW1,SUI3,DIM1,TIF6,SRP54,RRP9,TIF3	3.83e-5	0.0355	RNA binding
Keyword	KW-0690	92	167	4932	YAL059W,YBR142W,YBR154C,YBR247C,YBR267W,YCL054W,YCL059C,YCR072C,YDL014W,YDL031W,YDL148C,YDL153C,YDL208W,YDL213C,YDR060W,YDR091C,YDR324C,YDR432W,YER002W,YER006W,YER082C,YER127W,YFL002C,YFR001W,YGL111W,YGL171W,YGR103W,YGR128C,YGR245C,YGR251W,YHR052W,YHR085W,YHR088W,YHR089C,YHR196W,YHR197W,YIL091C,YIL137C,YJL033W,YJL122W,YJR063W,YKL009W,YKL021C,YKL082C,YKL172W,YLL008W,YLL011W,YLL034C,YLR009W,YLR048W,YLR175W,YLR186W,YLR197W,YLR222C,YML093W,YMR049C,YMR093W,YMR128W,YMR131C,YMR229C,YMR269W,YMR290C,YNL002C,YNL075W,YNL110C,YNL112W,YNL182C,YNL248C,YNR038W,YNR053C,YOL010W,YOL041C,YOL077C,YOR004W,YOR056C,YOR078W,YOR145C,YOR224C,YOR243C,YOR272W,YOR310C,YOR341W,YPL043W,YPL126W,YPL146C,YPL211W,YPL217C,YPL266W,YPR010C,YPR016C,YPR137W,YPR187W	ECM1,MAK5,RPB5,ENP1,REI1,SPB1,KRR1,RSA4,NOP1,DBP10,NOP14,SAS10,NHP2,NOP6,MAK21,RLI1,UTP4,NPL3,NOP16,NUG1,UTP7,LCP5,SPB4,LOC1,NSA1,ROK1,NOP7,UTP8,SDA1,NOP19,CIC1,IPI1,RPF1,GAR1,UTP9,RIX1,UTP25,TMA108,HCA4,ALB1,RPA12,MRT4,MAK11,RRP14,EBP2,DRS1,SOF1,RIX7,RLP24,RPS0B,CBF5,EMG1,NOP56,UTP13,UTP14,ERB1,UTP15,ECM16,RRB1,RRP5,TMA23,HAS1,RLP7,IMP4,NOP15,DBP2,IPI3,RPA49,DBP6,NOG2,RCL1,NOP12,BRX1,UTP23,NOB1,BUD21,PNO1,RPB8,PUS7,YTM1,NOP58,RPA190,NOP4,NAN1,NOP53,NIP7,BMS1,DIM1,RPA135,TIF6,RRP9,RPO26	8e-8	2.11e-5	Ribosome biogenesis
Keyword	KW-0698	74	148	4932	YBL026W,YBR142W,YCL054W,YCL059C,YCR035C,YDL014W,YDL031W,YDL148C,YDL153C,YDL208W,YDL213C,YDR083W,YDR087C,YDR091C,YDR324C,YDR432W,YER002W,YER082C,YER127W,YFL002C,YGL111W,YGL171W,YGL173C,YGL246C,YGR030C,YGR095C,YGR103W,YGR128C,YGR158C,YGR159C,YHR069C,YHR081W,YHR085W,YHR088W,YHR089C,YHR196W,YHR197W,YIL091C,YJL033W,YJL050W,YKL082C,YLL011W,YLR048W,YLR175W,YLR186W,YLR222C,YLR435W,YML093W,YML127W,YMR049C,YMR093W,YMR128W,YMR131C,YMR229C,YMR290C,YNL075W,YNL110C,YNL112W,YNL132W,YNL147W,YNL182C,YNR038W,YOL041C,YOR004W,YOR078W,YOR243C,YOR272W,YOR310C,YPL043W,YPL126W,YPL146C,YPL235W,YPL266W,YPR137W	LSM2,MAK5,SPB1,KRR1,RRP43,NOP1,DBP10,NOP14,SAS10,NHP2,NOP6,RRP8,RRP1,RLI1,UTP4,NPL3,NOP16,UTP7,LCP5,SPB4,NSA1,ROK1,XRN1,RAI1,POP6,RRP46,NOP7,UTP8,MTR3,NSR1,RRP4,LRP1,IPI1,RPF1,GAR1,UTP9,RIX1,UTP25,HCA4,MTR4,RRP14,SOF1,RPS0B,CBF5,EMG1,UTP13,TSR2,UTP14,RSC9,ERB1,UTP15,ECM16,RRB1,RRP5,HAS1,IMP4,NOP15,DBP2,KRE33,LSM7,IPI3,DBP6,NOP12,UTP23,BUD21,PUS7,YTM1,NOP58,NOP4,NAN1,NOP53,RVB2,DIM1,RRP9	2.34e-5	0.0031	rRNA processing
Keyword	KW-0694	85	192	4932	YBL024W,YBL026W,YBR031W,YBR079C,YBR142W,YBR236C,YCL011C,YCL037C,YCL059C,YCR035C,YDL014W,YDL031W,YDL044C,YDL051W,YDL084W,YDL092W,YDL160C,YDL201W,YDL208W,YDL209C,YDL213C,YDL219W,YDR194C,YDR195W,YDR228C,YDR429C,YDR432W,YDR496C,YER168C,YER176W,YFL002C,YGL049C,YGL171W,YGL173C,YGL211W,YGL232W,YGL246C,YGR092W,YGR095C,YGR158C,YGR159C,YGR162W,YHL034C,YHR069C,YHR081W,YHR088W,YHR089C,YJL033W,YJR007W,YKL130C,YKR002W,YLL008W,YLR175W,YLR186W,YLR249W,YLR275W,YML117W,YMR125W,YMR128W,YMR290C,YMR302C,YNL002C,YNL014W,YNL016W,YNL110C,YNL112W,YNL118C,YNL147W,YNL175C,YNL251C,YNR038W,YOL041C,YOL124C,YOR004W,YOR046C,YOR145C,YOR204W,YOR361C,YPL043W,YPL146C,YPL178W,YPL211W,YPL266W,YPR088C,YPR163C	NCL1,LSM2,RPL4A,RPG1,MAK5,ABD1,GBP2,SRO9,KRR1,RRP43,NOP1,DBP10,MTF2,LHP1,SUB2,SRP14,DHH1,TRM8,NHP2,CWC2,NOP6,DTD1,MSS116,REF2,PCF11,TIF35,NPL3,PUF6,CCA1,ECM32,SPB4,TIF4632,ROK1,XRN1,NCS6,TAN1,RAI1,DBF2,RRP46,MTR3,NSR1,TIF4631,SBP1,RRP4,LRP1,RPF1,GAR1,HCA4,SUI2,SHE2,PAP1,DRS1,CBF5,EMG1,YEF3,SMD2,NAB6,STO1,ECM16,HAS1,YME2,RLP7,HEF3,PUB1,NOP15,DBP2,DCP2,LSM7,NOP13,NRD1,DBP6,NOP12,TRM11,UTP23,DBP5,PNO1,DED1,PRT1,NOP4,NOP53,CBC2,NIP7,DIM1,SRP54,TIF3	1.7e-4	0.0145	RNA-binding
Keyword	KW-0539	323	965	4932	YAL025C,YAL032C,YAL043C,YAL054C,YAL059W,YAR002W,YAR007C,YBL016W,YBL023C,YBL024W,YBL026W,YBL036C,YBL046W,YBR031W,YBR034C,YBR057C,YBR058C,YBR088C,YBR112C,YBR123C,YBR142W,YBR154C,YBR198C,YBR215W,YBR231C,YBR236C,YBR247C,YBR253W,YBR279W,YCL011C,YCL054W,YCL059C,YCR035C,YCR059C,YCR072C,YCR093W,YDL002C,YDL005C,YDL014W,YDL031W,YDL043C,YDL051W,YDL053C,YDL076C,YDL084W,YDL085C-A,YDL092W,YDL101C,YDL140C,YDL148C,YDL150W,YDL153C,YDL190C,YDL201W,YDL208W,YDL209C,YDL213C,YDR060W,YDR063W,YDR083W,YDR087C,YDR091C,YDR101C,YDR111C,YDR165W,YDR167W,YDR176W,YDR190C,YDR195W,YDR216W,YDR228C,YDR267C,YDR299W,YDR324C,YDR328C,YDR346C,YDR383C,YDR390C,YDR392W,YDR432W,YDR496C,YEL032W,YEL037C,YEL058W,YER002W,YER006W,YER036C,YER049W,YER082C,YER088C,YER110C,YER123W,YER125W,YER127W,YER133W,YER164W,YER168C,YFL002C,YFL010C,YFL034C-B,YFR001W,YFR003C,YFR028C,YFR037C,YGL058W,YGL070C,YGL097W,YGL111W,YGL115W,YGL120C,YGL130W,YGL171W,YGL172W,YGL207W,YGL213C,YGL232W,YGL244W,YGL246C,YGR002C,YGR030C,YGR092W,YGR095C,YGR103W,YGR116W,YGR123C,YGR128C,YGR158C,YGR159C,YGR178C,YGR245C,YGR251W,YGR262C,YGR275W,YHL034C,YHR041C,YHR052W,YHR069C,YHR070W,YHR081W,YHR085W,YHR088W,YHR089C,YHR167W,YHR170W,YHR196W,YHR197W,YIL008W,YIL036W,YIL038C,YIL063C,YIL079C,YIL091C,YIL106W,YIL115C,YIL126W,YIL145C,YJL011C,YJL033W,YJL050W,YJL074C,YJL076W,YJL122W,YJL125C,YJL140W,YJL164C,YJL168C,YJR046W,YJR063W,YJR068W,YJR070C,YJR132W,YKL009W,YKL018W,YKL021C,YKL038W,YKL054C,YKL082C,YKL110C,YKL112W,YKL113C,YKL128C,YKL130C,YKL172W,YKL183W,YKL186C,YKL213C,YKR002W,YKR081C,YKR082W,YLL008W,YLL011W,YLL034C,YLL036C,YLR009W,YLR052W,YLR074C,YLR086W,YLR106C,YLR113W,YLR118C,YLR150W,YLR153C,YLR175W,YLR186W,YLR197W,YLR208W,YLR222C,YLR275W,YLR301W,YLR321C,YLR347C,YLR384C,YLR401C,YLR418C,YLR421C,YLR435W,YLR455W,YML010W,YML014W,YML022W,YML036W,YML093W,YML127W,YMR033W,YMR044W,YMR049C,YMR091C,YMR093W,YMR117C,YMR125W,YMR128W,YMR131C,YMR229C,YMR236W,YMR269W,YMR277W,YMR290C,YMR291W,YMR308C,YNL002C,YNL016W,YNL045W,YNL059C,YNL068C,YNL072W,YNL075W,YNL110C,YNL112W,YNL123W,YNL132W,YNL141W,YNL147W,YNL149C,YNL175C,YNL182C,YNL186W,YNL216W,YNL246W,YNL248C,YNL251C,YNL288W,YNL290W,YNL309W,YNR038W,YNR053C,YOL004W,YOL005C,YOL010W,YOL012C,YOL041C,YOL067C,YOL077C,YOL108C,YOL115W,YOL125W,YOR004W,YOR046C,YOR051C,YOR056C,YOR074C,YOR078W,YOR116C,YOR140W,YOR145C,YOR151C,YOR157C,YOR224C,YOR243C,YOR254C,YOR272W,YOR310C,YOR341W,YOR352W,YPL001W,YPL037C,YPL043W,YPL048W,YPL082C,YPL086C,YPL126W,YPL127C,YPL129W,YPL146C,YPL169C,YPL178W,YPL208W,YPL211W,YPL212C,YPL217C,YPL226W,YPL235W,YPL245W,YPL266W,YPR010C,YPR016C,YPR051W,YPR072W,YPR118W,YPR135W,YPR137W,YPR162C,YPR169W,YPR187W	MAK16,PRP45,PTA1,ACS1,ECM1,NUP60,RFA1,FUS3,MCM2,NCL1,LSM2,YBL036C,PSY4,RPL4A,HMT1,MUM2,UBP14,POL30,CYC8,TFC1,MAK5,RPB5,TAF5,HPC2,SWC5,ABD1,ENP1,SRB6,PAF1,GBP2,SPB1,KRR1,RRP43,YIH1,RSA4,CDC39,NHP10,MED2,NOP1,DBP10,PRP11,LHP1,PBP4,RXT3,SUB2,YDL085C-A,SRP14,DUN1,RPO21,NOP14,RPC53,SAS10,UFD2,TRM8,NHP2,CWC2,NOP6,MAK21,AIM7,RRP8,RRP1,RLI1,ARX1,ALT2,TRM82,TAF10,NGG1,RVB1,REF2,ADR1,PCF11,CIA1,BFR2,UTP4,SKP1,SVF1,NKP1,UBA2,SPT3,NPL3,PUF6,MCM3,RAD23,PCM1,NOP16,NUG1,ARB1,TPA1,UTP7,DOT6,KAP123,YCK3,RSP5,LCP5,GLC7,CHD1,CCA1,SPB4,WWM1,MOB2,LOC1,YPI1,CDC14,RSC8,RAD6,RPB9,SRM1,NSA1,SNF4,PRP43,CEG1,ROK1,NUP49,SPT16,SKI8,TAN1,RTF1,RAI1,SWC4,POP6,DBF2,RRP46,NOP7,SPT6,PPT1,UTP8,MTR3,NSR1,PBP1,SDA1,NOP19,BUD32,RTT102,SBP1,SRB2,CIC1,RRP4,TRM5,LRP1,IPI1,RPF1,GAR1,THP2,NMD3,UTP9,RIX1,URM1,CST6,NOT3,YRB2,AIR1,UTP25,MOB1,NUP159,STH1,PAN6,RPC17,HCA4,MTR4,SMC3,NET1,ALB1,GCD14,RPB4,TPK1,SET2,TAH11,RPA12,RFC2,LIA1,NMD5,MRT4,SWD2,MAK11,RGT1,DEF1,RRP14,KTI12,ABF1,RAD27,PMU1,SHE2,EBP2,LOT5,MTR2,DOA1,PAP1,RPF2,NUP133,DRS1,SOF1,RIX7,PRP19,RLP24,IES3,BUD20,SMC4,MDN1,HOG1,YLR118C,STM1,ACS2,CBF5,EMG1,NOP56,SEC13,UTP13,SMD2,HRI1,SFH1,KAP95,IKI3,DUS3,CDC73,RPN13,TSR2,PDP3,SPT5,TRM9,APT1,CGI121,UTP14,RSC9,ARP9,IOC4,ERB1,NPL6,UTP15,SPC24,STO1,ECM16,RRB1,RRP5,TAF9,TMA23,FCP1,HAS1,TDA1,PSE1,RLP7,PUB1,LAP2,ARP5,FKH2,RNH201,IMP4,NOP15,DBP2,NMA111,KRE33,AAH1,LSM7,PGA2,NOP13,IPI3,UBP10,RAP1,VPS75,RPA49,NRD1,CAF40,RFC3,STB1,DBP6,NOG2,SIN3,RPB11,RCL1,HTZ1,NOP12,RTG1,BRX1,INO4,PAP2,TRM13,UTP23,DBP5,ETT1,NOB1,CDC21,BUD21,RPO31,SFL1,PNO1,RPB2,PUP1,RPB8,PUS7,SEC63,YTM1,NOP58,RPA190,TFB6,HAT1,EGD1,NOP4,CAM1,MOT1,ELP3,NAN1,HHO1,TAF14,NOP53,MEX67,CBC2,RKM1,NIP7,PUS1,BMS1,NEW1,RVB2,YPL245W,DIM1,RPA135,TIF6,MAK3,NOT5,MRI1,CTF4,RRP9,ORC4,JIP5,RPO26	1.7e-4	0.0145	Nucleus
Keyword	KW-0256	87	210	4932	YAL007C,YAL023C,YAL054C,YAR002C-A,YBR106W,YBR171W,YBR265W,YBR283C,YCL045C,YCR034W,YDL058W,YDL095W,YDL100C,YDR056C,YDR221W,YDR245W,YDR246W,YDR434W,YDR518W,YEL002C,YEL031W,YER019C-A,YER026C,YFL038C,YFR041C,YGL022W,YGL027C,YGL038C,YGL054C,YGR060W,YGR106C,YGR157W,YGR284C,YHR098C,YHR190W,YIL039W,YIL043C,YIL109C,YIL124W,YJL002C,YJL145W,YJL192C,YJR073C,YJR131W,YJR143C,YKL100C,YKL154W,YKL165C,YKL212W,YKR014C,YKR068C,YLR034C,YLR074C,YLR208W,YLR268W,YLR372W,YML012W,YML055W,YML101C,YML115C,YML125C,YMR022W,YMR202W,YMR214W,YMR272C,YMR296C,YNL130C,YNL149C,YNR016C,YNR021W,YOL031C,YOR016C,YOR056C,YOR115C,YOR165W,YOR175C,YOR254C,YPL050C,YPL085W,YPL094C,YPL218W,YPL274W,YPR028W,YPR063C,YPR113W,YPR139C,YPR181C	ERP2,PMT2,ACS1,ERP1,PHO88,SEC66,TSC10,SSH1,EMC1,ELO2,USO1,PMT1,GET3,EMC10,GTB1,MNN10,TRS23,GPI17,EUG1,WBP1,SPF1,SBH2,CHO1,YPT1,ERJ5,STT3,CWH41,OCH1,ERV14,ERG25,VOA1,CHO2,ERV29,SFB3,ERG9,TED1,CBR1,SEC24,AYR1,OST1,SFH5,SOP4,OPI3,MNS1,PMT4,YPF1,SRP102,MCD4,SAC1,YPT52,BET3,SMF3,BUD20,SEC13,SEC22,ELO3,ERV25,SPC2,CUE4,VAN1,PGA3,UBC7,ERG2,SCJ1,SCS7,LCB1,CPT1,PGA2,ACC1,YNR021W,SIL1,ERP4,NOB1,TRS33,SEY1,ALE1,SEC63,MNN9,SEC16,SEC62,SAR1,SAM3,YOP1,YPR063C,PIS1,LOA1,SEC23	8.1e-4	0.0429	Endoplasmic reticulum
NetworkNeighborAL	CL.942	88	137	4932	YAL025C,YAL059W,YBR142W,YBR247C,YBR267W,YCL054W,YCL059C,YCR072C,YDL014W,YDL031W,YDL148C,YDL153C,YDL213C,YDR060W,YDR083W,YDR087C,YDR101C,YDR299W,YDR324C,YDR496C,YER002W,YER006W,YER036C,YER082C,YER127W,YFL002C,YFR001W,YGL099W,YGL111W,YGL171W,YGR103W,YGR128C,YGR245C,YGR251W,YHR052W,YHR085W,YHR088W,YHR170W,YHR196W,YHR197W,YIL091C,YIR026C,YJL033W,YJL122W,YKL009W,YKL021C,YKL082C,YKL172W,YKR081C,YLL008W,YLL011W,YLL034C,YLR009W,YLR074C,YLR106C,YLR186W,YLR222C,YML093W,YMR049C,YMR093W,YMR128W,YMR131C,YMR229C,YMR290C,YNL002C,YNL075W,YNL110C,YNL132W,YNL175C,YNL182C,YNR053C,YOL010W,YOL041C,YOL077C,YOR004W,YOR056C,YOR078W,YOR145C,YOR272W,YPL043W,YPL126W,YPL146C,YPL211W,YPL217C,YPL226W,YPL266W,YPR016C,YPR137W	MAK16,ECM1,MAK5,ENP1,REI1,SPB1,KRR1,RSA4,NOP1,DBP10,NOP14,SAS10,NOP6,MAK21,RRP8,RRP1,ARX1,BFR2,UTP4,PUF6,NOP16,NUG1,ARB1,UTP7,LCP5,SPB4,LOC1,LSG1,NSA1,ROK1,NOP7,UTP8,SDA1,NOP19,CIC1,IPI1,RPF1,NMD3,UTP9,RIX1,UTP25,YVH1,HCA4,ALB1,MRT4,MAK11,RRP14,EBP2,RPF2,DRS1,SOF1,RIX7,RLP24,BUD20,MDN1,EMG1,UTP13,UTP14,ERB1,UTP15,ECM16,RRB1,RRP5,HAS1,RLP7,IMP4,NOP15,KRE33,NOP13,IPI3,NOG2,RCL1,NOP12,BRX1,UTP23,NOB1,BUD21,PNO1,YTM1,NOP4,NAN1,NOP53,NIP7,BMS1,NEW1,DIM1,TIF6,RRP9	6.87e-10	4.22e-7	preribosome
NetworkNeighborAL	CL.939	96	155	4932	YAL025C,YAL059W,YBR142W,YBR247C,YBR267W,YCL054W,YCL059C,YCR072C,YDL014W,YDL031W,YDL051W,YDL148C,YDL153C,YDL208W,YDL213C,YDR060W,YDR083W,YDR087C,YDR101C,YDR299W,YDR324C,YDR496C,YER002W,YER006W,YER036C,YER082C,YER127W,YFL002C,YFR001W,YGL099W,YGL111W,YGL171W,YGR103W,YGR128C,YGR159C,YGR245C,YGR251W,YHR052W,YHR085W,YHR088W,YHR089C,YHR170W,YHR196W,YHR197W,YIL091C,YIR026C,YJL033W,YJL122W,YKL009W,YKL021C,YKL082C,YKL172W,YKR081C,YKR092C,YLL008W,YLL011W,YLL034C,YLR009W,YLR074C,YLR106C,YLR175W,YLR186W,YLR197W,YLR222C,YML093W,YMR049C,YMR093W,YMR128W,YMR131C,YMR229C,YMR290C,YNL002C,YNL075W,YNL110C,YNL132W,YNL175C,YNL182C,YNR053C,YOL010W,YOL041C,YOL077C,YOR004W,YOR056C,YOR078W,YOR145C,YOR272W,YOR310C,YPL043W,YPL126W,YPL146C,YPL211W,YPL217C,YPL226W,YPL266W,YPR016C,YPR137W	MAK16,ECM1,MAK5,ENP1,REI1,SPB1,KRR1,RSA4,NOP1,DBP10,LHP1,NOP14,SAS10,NHP2,NOP6,MAK21,RRP8,RRP1,ARX1,BFR2,UTP4,PUF6,NOP16,NUG1,ARB1,UTP7,LCP5,SPB4,LOC1,LSG1,NSA1,ROK1,NOP7,UTP8,NSR1,SDA1,NOP19,CIC1,IPI1,RPF1,GAR1,NMD3,UTP9,RIX1,UTP25,YVH1,HCA4,ALB1,MRT4,MAK11,RRP14,EBP2,RPF2,SRP40,DRS1,SOF1,RIX7,RLP24,BUD20,MDN1,CBF5,EMG1,NOP56,UTP13,UTP14,ERB1,UTP15,ECM16,RRB1,RRP5,HAS1,RLP7,IMP4,NOP15,KRE33,NOP13,IPI3,NOG2,RCL1,NOP12,BRX1,UTP23,NOB1,BUD21,PNO1,YTM1,NOP58,NOP4,NAN1,NOP53,NIP7,BMS1,NEW1,DIM1,TIF6,RRP9	4.48e-10	4.22e-7	preribosome, and pseudouridine synthesis
NetworkNeighborAL	CL.941	89	143	4932	YAL025C,YAL059W,YBR142W,YBR247C,YBR267W,YCL054W,YCL059C,YCR072C,YDL014W,YDL031W,YDL051W,YDL148C,YDL153C,YDL213C,YDR060W,YDR083W,YDR087C,YDR101C,YDR299W,YDR324C,YDR496C,YER002W,YER006W,YER036C,YER082C,YER127W,YFL002C,YFR001W,YGL099W,YGL111W,YGL171W,YGR103W,YGR128C,YGR245C,YGR251W,YHR052W,YHR085W,YHR088W,YHR170W,YHR196W,YHR197W,YIL091C,YIR026C,YJL033W,YJL122W,YKL009W,YKL021C,YKL082C,YKL172W,YKR081C,YLL008W,YLL011W,YLL034C,YLR009W,YLR074C,YLR106C,YLR186W,YLR222C,YML093W,YMR049C,YMR093W,YMR128W,YMR131C,YMR229C,YMR290C,YNL002C,YNL075W,YNL110C,YNL132W,YNL175C,YNL182C,YNR053C,YOL010W,YOL041C,YOL077C,YOR004W,YOR056C,YOR078W,YOR145C,YOR272W,YPL043W,YPL126W,YPL146C,YPL211W,YPL217C,YPL226W,YPL266W,YPR016C,YPR137W	MAK16,ECM1,MAK5,ENP1,REI1,SPB1,KRR1,RSA4,NOP1,DBP10,LHP1,NOP14,SAS10,NOP6,MAK21,RRP8,RRP1,ARX1,BFR2,UTP4,PUF6,NOP16,NUG1,ARB1,UTP7,LCP5,SPB4,LOC1,LSG1,NSA1,ROK1,NOP7,UTP8,SDA1,NOP19,CIC1,IPI1,RPF1,NMD3,UTP9,RIX1,UTP25,YVH1,HCA4,ALB1,MRT4,MAK11,RRP14,EBP2,RPF2,DRS1,SOF1,RIX7,RLP24,BUD20,MDN1,EMG1,UTP13,UTP14,ERB1,UTP15,ECM16,RRB1,RRP5,HAS1,RLP7,IMP4,NOP15,KRE33,NOP13,IPI3,NOG2,RCL1,NOP12,BRX1,UTP23,NOB1,BUD21,PNO1,YTM1,NOP4,NAN1,NOP53,NIP7,BMS1,NEW1,DIM1,TIF6,RRP9	1.75e-9	5.49e-7	preribosome
NetworkNeighborAL	CL.937	97	163	4932	YAL025C,YAL059W,YBR142W,YBR247C,YBR267W,YCL054W,YCL059C,YCR072C,YDL014W,YDL031W,YDL051W,YDL148C,YDL153C,YDL208W,YDL213C,YDR060W,YDR083W,YDR087C,YDR101C,YDR299W,YDR324C,YDR496C,YER002W,YER006W,YER036C,YER082C,YER127W,YFL002C,YFR001W,YGL099W,YGL111W,YGL171W,YGR103W,YGR128C,YGR159C,YGR245C,YGR251W,YHR052W,YHR085W,YHR088W,YHR089C,YHR170W,YHR196W,YHR197W,YIL091C,YIR026C,YJL033W,YJL122W,YKL009W,YKL021C,YKL082C,YKL172W,YKR081C,YKR092C,YLL008W,YLL011W,YLL034C,YLR009W,YLR074C,YLR106C,YLR175W,YLR186W,YLR197W,YLR222C,YML093W,YMR049C,YMR093W,YMR128W,YMR131C,YMR229C,YMR290C,YNL002C,YNL075W,YNL110C,YNL132W,YNL175C,YNL182C,YNR038W,YNR053C,YOL010W,YOL041C,YOL077C,YOR004W,YOR056C,YOR078W,YOR145C,YOR272W,YOR310C,YPL043W,YPL126W,YPL146C,YPL211W,YPL217C,YPL226W,YPL266W,YPR016C,YPR137W	MAK16,ECM1,MAK5,ENP1,REI1,SPB1,KRR1,RSA4,NOP1,DBP10,LHP1,NOP14,SAS10,NHP2,NOP6,MAK21,RRP8,RRP1,ARX1,BFR2,UTP4,PUF6,NOP16,NUG1,ARB1,UTP7,LCP5,SPB4,LOC1,LSG1,NSA1,ROK1,NOP7,UTP8,NSR1,SDA1,NOP19,CIC1,IPI1,RPF1,GAR1,NMD3,UTP9,RIX1,UTP25,YVH1,HCA4,ALB1,MRT4,MAK11,RRP14,EBP2,RPF2,SRP40,DRS1,SOF1,RIX7,RLP24,BUD20,MDN1,CBF5,EMG1,NOP56,UTP13,UTP14,ERB1,UTP15,ECM16,RRB1,RRP5,HAS1,RLP7,IMP4,NOP15,KRE33,NOP13,IPI3,DBP6,NOG2,RCL1,NOP12,BRX1,UTP23,NOB1,BUD21,PNO1,YTM1,NOP58,NOP4,NAN1,NOP53,NIP7,BMS1,NEW1,DIM1,TIF6,RRP9	1.76e-9	5.49e-7	Ribosome biogenesis, and preribosome, large subunit precursor
NetworkNeighborAL	CL.935	98	169	4932	YAL025C,YAL059W,YBR142W,YBR247C,YBR267W,YCL054W,YCL059C,YCR072C,YDL014W,YDL031W,YDL051W,YDL148C,YDL153C,YDL208W,YDL213C,YDR060W,YDR083W,YDR087C,YDR101C,YDR299W,YDR324C,YDR496C,YER002W,YER006W,YER036C,YER082C,YER127W,YFL002C,YFR001W,YGL099W,YGL111W,YGL120C,YGL171W,YGR103W,YGR128C,YGR159C,YGR245C,YGR251W,YHR052W,YHR085W,YHR088W,YHR089C,YHR170W,YHR196W,YHR197W,YIL091C,YIR026C,YJL033W,YJL122W,YKL009W,YKL021C,YKL082C,YKL172W,YKR081C,YKR092C,YLL008W,YLL011W,YLL034C,YLR009W,YLR074C,YLR106C,YLR175W,YLR186W,YLR197W,YLR222C,YML093W,YMR049C,YMR093W,YMR128W,YMR131C,YMR229C,YMR290C,YNL002C,YNL075W,YNL110C,YNL132W,YNL175C,YNL182C,YNR038W,YNR053C,YOL010W,YOL041C,YOL077C,YOR004W,YOR056C,YOR078W,YOR145C,YOR272W,YOR310C,YPL043W,YPL126W,YPL146C,YPL211W,YPL217C,YPL226W,YPL266W,YPR016C,YPR137W	MAK16,ECM1,MAK5,ENP1,REI1,SPB1,KRR1,RSA4,NOP1,DBP10,LHP1,NOP14,SAS10,NHP2,NOP6,MAK21,RRP8,RRP1,ARX1,BFR2,UTP4,PUF6,NOP16,NUG1,ARB1,UTP7,LCP5,SPB4,LOC1,LSG1,NSA1,PRP43,ROK1,NOP7,UTP8,NSR1,SDA1,NOP19,CIC1,IPI1,RPF1,GAR1,NMD3,UTP9,RIX1,UTP25,YVH1,HCA4,ALB1,MRT4,MAK11,RRP14,EBP2,RPF2,SRP40,DRS1,SOF1,RIX7,RLP24,BUD20,MDN1,CBF5,EMG1,NOP56,UTP13,UTP14,ERB1,UTP15,ECM16,RRB1,RRP5,HAS1,RLP7,IMP4,NOP15,KRE33,NOP13,IPI3,DBP6,NOG2,RCL1,NOP12,BRX1,UTP23,NOB1,BUD21,PNO1,YTM1,NOP58,NOP4,NAN1,NOP53,NIP7,BMS1,NEW1,DIM1,TIF6,RRP9	3.97e-9	7.48e-7	Ribosome biogenesis, and preribosome
NetworkNeighborAL	CL.932	99	172	4932	YAL025C,YAL059W,YBR142W,YBR247C,YBR267W,YCL054W,YCL059C,YCR072C,YDL014W,YDL031W,YDL051W,YDL148C,YDL153C,YDL208W,YDL213C,YDR060W,YDR083W,YDR087C,YDR101C,YDR299W,YDR324C,YDR496C,YER002W,YER006W,YER036C,YER082C,YER127W,YFL002C,YFR001W,YGL099W,YGL111W,YGL120C,YGL171W,YGR103W,YGR128C,YGR159C,YGR187C,YGR245C,YGR251W,YHR052W,YHR085W,YHR088W,YHR089C,YHR170W,YHR196W,YHR197W,YIL091C,YIR026C,YJL033W,YJL122W,YKL009W,YKL021C,YKL082C,YKL172W,YKR081C,YKR092C,YLL008W,YLL011W,YLL034C,YLR009W,YLR074C,YLR106C,YLR175W,YLR186W,YLR197W,YLR222C,YML093W,YMR049C,YMR093W,YMR128W,YMR131C,YMR229C,YMR290C,YNL002C,YNL075W,YNL110C,YNL132W,YNL175C,YNL182C,YNR038W,YNR053C,YOL010W,YOL041C,YOL077C,YOR004W,YOR056C,YOR078W,YOR145C,YOR272W,YOR310C,YPL043W,YPL126W,YPL146C,YPL211W,YPL217C,YPL226W,YPL266W,YPR016C,YPR137W	MAK16,ECM1,MAK5,ENP1,REI1,SPB1,KRR1,RSA4,NOP1,DBP10,LHP1,NOP14,SAS10,NHP2,NOP6,MAK21,RRP8,RRP1,ARX1,BFR2,UTP4,PUF6,NOP16,NUG1,ARB1,UTP7,LCP5,SPB4,LOC1,LSG1,NSA1,PRP43,ROK1,NOP7,UTP8,NSR1,HGH1,SDA1,NOP19,CIC1,IPI1,RPF1,GAR1,NMD3,UTP9,RIX1,UTP25,YVH1,HCA4,ALB1,MRT4,MAK11,RRP14,EBP2,RPF2,SRP40,DRS1,SOF1,RIX7,RLP24,BUD20,MDN1,CBF5,EMG1,NOP56,UTP13,UTP14,ERB1,UTP15,ECM16,RRB1,RRP5,HAS1,RLP7,IMP4,NOP15,KRE33,NOP13,IPI3,DBP6,NOG2,RCL1,NOP12,BRX1,UTP23,NOB1,BUD21,PNO1,YTM1,NOP58,NOP4,NAN1,NOP53,NIP7,BMS1,NEW1,DIM1,TIF6,RRP9	4.39e-9	7.48e-7	Ribosome biogenesis, and preribosome
NetworkNeighborAL	CL.1092	51	65	4932	YAL025C,YAL059W,YBR142W,YBR267W,YCL054W,YCR072C,YDL031W,YDR060W,YDR083W,YDR087C,YDR101C,YDR496C,YER002W,YER006W,YER036C,YFR001W,YGL099W,YGL111W,YGR103W,YGR245C,YHR052W,YHR085W,YHR088W,YHR170W,YHR197W,YIR026C,YJL122W,YKL009W,YKL021C,YKL172W,YKR081C,YLL008W,YLL034C,YLR009W,YLR074C,YLR106C,YMR049C,YMR131C,YMR290C,YNL002C,YNL110C,YNL175C,YNL182C,YNR053C,YOL041C,YOL077C,YPL043W,YPL146C,YPL211W,YPL226W,YPR016C	MAK16,ECM1,MAK5,REI1,SPB1,RSA4,DBP10,MAK21,RRP8,RRP1,ARX1,PUF6,NOP16,NUG1,ARB1,LOC1,LSG1,NSA1,NOP7,SDA1,CIC1,IPI1,RPF1,NMD3,RIX1,YVH1,ALB1,MRT4,MAK11,EBP2,RPF2,DRS1,RIX7,RLP24,BUD20,MDN1,ERB1,RRB1,HAS1,RLP7,NOP15,NOP13,IPI3,NOG2,NOP12,BRX1,NOP4,NOP53,NIP7,NEW1,TIF6	4.08e-8	5.48e-6	preribosome, large subunit precursor
NetworkNeighborAL	CL.1094	45	57	4932	YAL025C,YBR142W,YCL054W,YCR072C,YDL031W,YDR060W,YDR083W,YDR087C,YDR101C,YDR496C,YER002W,YER006W,YFR001W,YGL099W,YGL111W,YGR103W,YGR245C,YHR052W,YHR085W,YHR088W,YHR170W,YHR197W,YKL009W,YKL021C,YKL172W,YKR081C,YLL008W,YLL034C,YLR009W,YLR074C,YLR106C,YMR049C,YMR131C,YMR290C,YNL002C,YNL110C,YNL175C,YNL182C,YNR053C,YOL041C,YOL077C,YPL043W,YPL146C,YPL211W,YPR016C	MAK16,MAK5,SPB1,RSA4,DBP10,MAK21,RRP8,RRP1,ARX1,PUF6,NOP16,NUG1,LOC1,LSG1,NSA1,NOP7,SDA1,CIC1,IPI1,RPF1,NMD3,RIX1,MRT4,MAK11,EBP2,RPF2,DRS1,RIX7,RLP24,BUD20,MDN1,ERB1,RRB1,HAS1,RLP7,NOP15,NOP13,IPI3,NOG2,NOP12,BRX1,NOP4,NOP53,NIP7,TIF6	2.33e-7	2.73e-5	preribosome, large subunit precursor, and Rix1 complex
NetworkNeighborAL	CL.1095	39	51	4932	YAL025C,YBR142W,YCL054W,YDL031W,YDR060W,YDR083W,YDR087C,YDR101C,YDR496C,YER002W,YER006W,YFR001W,YGL099W,YGL111W,YGR103W,YGR245C,YHR052W,YHR088W,YHR170W,YKL009W,YKL021C,YKL172W,YKR081C,YLL008W,YLR009W,YLR074C,YMR049C,YMR131C,YMR290C,YNL002C,YNL110C,YNL175C,YNR053C,YOL041C,YOL077C,YPL043W,YPL146C,YPL211W,YPR016C	MAK16,MAK5,SPB1,DBP10,MAK21,RRP8,RRP1,ARX1,PUF6,NOP16,NUG1,LOC1,LSG1,NSA1,NOP7,SDA1,CIC1,RPF1,NMD3,MRT4,MAK11,EBP2,RPF2,DRS1,RLP24,BUD20,ERB1,RRB1,HAS1,RLP7,NOP15,NOP13,NOG2,NOP12,BRX1,NOP4,NOP53,NIP7,TIF6	2.62e-6	2.7e-4	preribosome, large subunit precursor
NetworkNeighborAL	CL.1096	34	45	4932	YAL025C,YBR142W,YCL054W,YDL031W,YDR060W,YDR083W,YDR087C,YDR101C,YDR496C,YER002W,YER006W,YFR001W,YGL111W,YGR103W,YGR245C,YHR052W,YHR088W,YKL009W,YKL172W,YKR081C,YLL008W,YLR074C,YMR049C,YMR290C,YNL002C,YNL110C,YNL175C,YNR053C,YOL041C,YOL077C,YPL043W,YPL146C,YPL211W,YPR016C	MAK16,MAK5,SPB1,DBP10,MAK21,RRP8,RRP1,ARX1,PUF6,NOP16,NUG1,LOC1,NSA1,NOP7,SDA1,CIC1,RPF1,MRT4,EBP2,RPF2,DRS1,BUD20,ERB1,HAS1,RLP7,NOP15,NOP13,NOG2,NOP12,BRX1,NOP4,NOP53,NIP7,TIF6	1.38e-5	0.0013	preribosome, large subunit precursor
NetworkNeighborAL	CL.1098	26	35	4932	YAL025C,YCL054W,YDL031W,YDR060W,YDR087C,YDR101C,YER002W,YER006W,YGL111W,YGR103W,YGR245C,YHR052W,YHR088W,YKL009W,YKR081C,YLL008W,YLR074C,YMR049C,YMR290C,YNL002C,YNL110C,YNR053C,YOL077C,YPL043W,YPL211W,YPR016C	MAK16,SPB1,DBP10,MAK21,RRP1,ARX1,NOP16,NUG1,NSA1,NOP7,SDA1,CIC1,RPF1,MRT4,RPF2,DRS1,BUD20,ERB1,HAS1,RLP7,NOP15,NOG2,BRX1,NOP4,NIP7,TIF6	1.7e-4	0.0148	preribosome, large subunit precursor
NetworkNeighborAL	CL.949	29	46	4932	YBR247C,YCL059C,YDL014W,YDL148C,YDR299W,YDR324C,YER082C,YGL171W,YGR128C,YHR196W,YIL091C,YJL033W,YLL011W,YLR186W,YLR222C,YML093W,YMR093W,YMR128W,YMR229C,YNL075W,YNL132W,YOL010W,YOR004W,YOR078W,YOR272W,YPL126W,YPL217C,YPL266W,YPR137W	ENP1,KRR1,NOP1,NOP14,BFR2,UTP4,UTP7,ROK1,UTP8,UTP9,UTP25,HCA4,SOF1,EMG1,UTP13,UTP14,UTP15,ECM16,RRP5,IMP4,KRE33,RCL1,UTP23,BUD21,YTM1,NAN1,BMS1,DIM1,RRP9	5.6e-4	0.0436	small-subunit processome, and 90S preribosome
Process	GO.0034660	168	363	4932	YAL025C,YAL035W,YAL043C,YBL024W,YBL026W,YBL076C,YBR022W,YBR123C,YBR142W,YBR154C,YBR247C,YBR279W,YCL054W,YCL059C,YCR035C,YDL014W,YDL031W,YDL051W,YDL148C,YDL150W,YDL153C,YDL201W,YDL208W,YDL213C,YDL219W,YDL229W,YDR083W,YDR087C,YDR091C,YDR117C,YDR165W,YDR195W,YDR267C,YDR299W,YDR324C,YDR341C,YDR432W,YER002W,YER006W,YER082C,YER127W,YER133W,YER168C,YFL002C,YFL022C,YFR001W,YGL076C,YGL111W,YGL120C,YGL130W,YGL171W,YGL173C,YGL211W,YGL232W,YGL244W,YGL245W,YGL246C,YGR030C,YGR095C,YGR103W,YGR128C,YGR158C,YGR159C,YGR251W,YGR262C,YGR264C,YHR019C,YHR069C,YHR070W,YHR081W,YHR085W,YHR088W,YHR089C,YHR111W,YHR196W,YHR197W,YIL008W,YIL079C,YIL091C,YJL011C,YJL033W,YJL050W,YJL087C,YJL098W,YJL125C,YJR063W,YKL009W,YKL018W,YKL021C,YKL027W,YKL082C,YKL110C,YKL172W,YKR002W,YKR028W,YKR081C,YLL008W,YLL011W,YLR048W,YLR059C,YLR060W,YLR106C,YLR175W,YLR186W,YLR197W,YLR222C,YLR384C,YLR401C,YLR435W,YML014W,YML036W,YML093W,YML127W,YMR049C,YMR093W,YMR125W,YMR128W,YMR131C,YMR229C,YMR259C,YMR290C,YNL002C,YNL075W,YNL110C,YNL112W,YNL132W,YNL147W,YNL182C,YNL247W,YNL248C,YNL251C,YNL306W,YNR038W,YOL010W,YOL041C,YOL097C,YOL115W,YOL124C,YOL125W,YOR004W,YOR056C,YOR078W,YOR116C,YOR145C,YOR224C,YOR239W,YOR243C,YOR251C,YOR272W,YOR310C,YOR341W,YPL043W,YPL082C,YPL086C,YPL126W,YPL135W,YPL146C,YPL160W,YPL211W,YPL212C,YPL217C,YPL235W,YPL266W,YPR010C,YPR016C,YPR137W,YPR169W,YPR187W	MAK16,FUN12,PTA1,NCL1,LSM2,ILS1,POA1,TFC1,MAK5,RPB5,ENP1,PAF1,SPB1,KRR1,RRP43,NOP1,DBP10,LHP1,NOP14,RPC53,SAS10,TRM8,NHP2,NOP6,DTD1,SSB1,RRP8,RRP1,RLI1,TMA64,TRM82,REF2,CIA1,BFR2,UTP4,YDR341C,NPL3,NOP16,NUG1,UTP7,LCP5,GLC7,CCA1,SPB4,FRS2,LOC1,RPL7A,NSA1,PRP43,CEG1,ROK1,XRN1,NCS6,TAN1,RTF1,GUS1,RAI1,POP6,RRP46,NOP7,UTP8,MTR3,NSR1,NOP19,BUD32,MES1,DED81,RRP4,TRM5,LRP1,IPI1,RPF1,GAR1,UBA4,UTP9,RIX1,URM1,AIR1,UTP25,RPC17,HCA4,MTR4,TRL1,SAP185,GCD14,RPA12,MRT4,SWD2,MAK11,TCD2,RRP14,KTI12,EBP2,PAP1,SAP190,RPF2,DRS1,SOF1,RPS0B,REX2,FRS1,MDN1,CBF5,EMG1,NOP56,UTP13,IKI3,DUS3,TSR2,TRM9,CGI121,UTP14,RSC9,ERB1,UTP15,STO1,ECM16,RRB1,RRP5,TRM732,HAS1,RLP7,IMP4,NOP15,DBP2,KRE33,LSM7,IPI3,YNL247W,RPA49,NRD1,MRPS18,DBP6,RCL1,NOP12,WRS1,PAP2,TRM11,TRM13,UTP23,NOB1,BUD21,RPO31,PNO1,RPB8,ABP140,PUS7,TUM1,YTM1,NOP58,RPA190,NOP4,MOT1,ELP3,NAN1,ISU1,NOP53,CDC60,NIP7,PUS1,BMS1,RVB2,DIM1,RPA135,TIF6,RRP9,JIP5,RPO26	4.65e-9	1.35e-5	ncRNA metabolic process
Process	GO.0034470	145	298	4932	YAL025C,YAL035W,YAL043C,YBL024W,YBL026W,YBR022W,YBR142W,YBR247C,YBR279W,YCL054W,YCL059C,YCR035C,YDL014W,YDL031W,YDL051W,YDL148C,YDL153C,YDL201W,YDL208W,YDL213C,YDL229W,YDR083W,YDR087C,YDR091C,YDR117C,YDR165W,YDR195W,YDR267C,YDR299W,YDR324C,YDR432W,YER002W,YER006W,YER082C,YER127W,YER133W,YER168C,YFL002C,YFR001W,YGL076C,YGL111W,YGL120C,YGL130W,YGL171W,YGL173C,YGL211W,YGL232W,YGL244W,YGL246C,YGR030C,YGR095C,YGR103W,YGR128C,YGR158C,YGR159C,YGR251W,YGR262C,YHR069C,YHR070W,YHR081W,YHR085W,YHR088W,YHR089C,YHR111W,YHR196W,YHR197W,YIL008W,YIL091C,YJL033W,YJL050W,YJL087C,YJL098W,YJL125C,YKL009W,YKL018W,YKL021C,YKL027W,YKL082C,YKL110C,YKL172W,YKR002W,YKR028W,YKR081C,YLL008W,YLL011W,YLR048W,YLR059C,YLR106C,YLR175W,YLR186W,YLR197W,YLR222C,YLR384C,YLR401C,YLR435W,YML014W,YML036W,YML093W,YML127W,YMR049C,YMR093W,YMR125W,YMR128W,YMR131C,YMR229C,YMR259C,YMR290C,YNL002C,YNL075W,YNL110C,YNL112W,YNL132W,YNL147W,YNL182C,YNL251C,YNL306W,YNR038W,YOL010W,YOL041C,YOL115W,YOL124C,YOL125W,YOR004W,YOR056C,YOR078W,YOR145C,YOR239W,YOR243C,YOR251C,YOR272W,YOR310C,YPL043W,YPL082C,YPL086C,YPL126W,YPL135W,YPL146C,YPL211W,YPL212C,YPL217C,YPL235W,YPL266W,YPR016C,YPR137W,YPR169W	MAK16,FUN12,PTA1,NCL1,LSM2,POA1,MAK5,ENP1,PAF1,SPB1,KRR1,RRP43,NOP1,DBP10,LHP1,NOP14,SAS10,TRM8,NHP2,NOP6,SSB1,RRP8,RRP1,RLI1,TMA64,TRM82,REF2,CIA1,BFR2,UTP4,NPL3,NOP16,NUG1,UTP7,LCP5,GLC7,CCA1,SPB4,LOC1,RPL7A,NSA1,PRP43,CEG1,ROK1,XRN1,NCS6,TAN1,RTF1,RAI1,POP6,RRP46,NOP7,UTP8,MTR3,NSR1,NOP19,BUD32,RRP4,TRM5,LRP1,IPI1,RPF1,GAR1,UBA4,UTP9,RIX1,URM1,UTP25,HCA4,MTR4,TRL1,SAP185,GCD14,MRT4,SWD2,MAK11,TCD2,RRP14,KTI12,EBP2,PAP1,SAP190,RPF2,DRS1,SOF1,RPS0B,REX2,MDN1,CBF5,EMG1,NOP56,UTP13,IKI3,DUS3,TSR2,TRM9,CGI121,UTP14,RSC9,ERB1,UTP15,STO1,ECM16,RRB1,RRP5,TRM732,HAS1,RLP7,IMP4,NOP15,DBP2,KRE33,LSM7,IPI3,NRD1,MRPS18,DBP6,RCL1,NOP12,PAP2,TRM11,TRM13,UTP23,NOB1,BUD21,PNO1,ABP140,PUS7,TUM1,YTM1,NOP58,NOP4,MOT1,ELP3,NAN1,ISU1,NOP53,NIP7,PUS1,BMS1,RVB2,DIM1,TIF6,RRP9,JIP5	5.64e-9	1.35e-5	ncRNA processing
Process	GO.0022613	167	368	4932	YAL025C,YAL032C,YAL035W,YAL059W,YBL026W,YBR079C,YBR142W,YBR154C,YBR247C,YBR267W,YBR279W,YCL054W,YCL059C,YCR035C,YCR072C,YDL014W,YDL031W,YDL043C,YDL148C,YDL153C,YDL160C,YDL208W,YDL209C,YDL213C,YDL229W,YDR060W,YDR083W,YDR087C,YDR091C,YDR101C,YDR117C,YDR190C,YDR299W,YDR324C,YDR432W,YDR496C,YER002W,YER006W,YER025W,YER036C,YER082C,YER127W,YER133W,YFL002C,YFR001W,YGL049C,YGL076C,YGL097W,YGL099W,YGL111W,YGL120C,YGL171W,YGL172W,YGL173C,YGL244W,YGL246C,YGR030C,YGR034W,YGR095C,YGR103W,YGR128C,YGR158C,YGR159C,YGR162W,YGR178C,YGR245C,YGR251W,YHR052W,YHR069C,YHR081W,YHR085W,YHR088W,YHR089C,YHR170W,YHR196W,YHR197W,YIL063C,YIL091C,YIL115C,YIL137C,YIR012W,YIR026C,YJL033W,YJL050W,YJL122W,YJL140W,YJR007W,YJR063W,YJR113C,YKL009W,YKL021C,YKL082C,YKL172W,YKL186C,YKR081C,YLL008W,YLL011W,YLL034C,YLL036C,YLR009W,YLR048W,YLR059C,YLR074C,YLR106C,YLR175W,YLR186W,YLR197W,YLR222C,YLR275W,YLR418C,YLR435W,YML093W,YML127W,YMR049C,YMR093W,YMR097C,YMR128W,YMR131C,YMR229C,YMR235C,YMR269W,YMR290C,YNL002C,YNL016W,YNL075W,YNL110C,YNL112W,YNL118C,YNL132W,YNL147W,YNL182C,YNL248C,YNL306W,YNR037C,YNR038W,YNR053C,YOL010W,YOL041C,YOL077C,YOR004W,YOR056C,YOR078W,YOR145C,YOR224C,YOR243C,YOR272W,YOR310C,YOR341W,YPL043W,YPL048W,YPL082C,YPL126W,YPL146C,YPL169C,YPL208W,YPL211W,YPL217C,YPL226W,YPL235W,YPL237W,YPL266W,YPR010C,YPR016C,YPR137W,YPR163C,YPR169W,YPR187W	MAK16,PRP45,FUN12,ECM1,LSM2,RPG1,MAK5,RPB5,ENP1,REI1,PAF1,SPB1,KRR1,RRP43,RSA4,NOP1,DBP10,PRP11,NOP14,SAS10,DHH1,NHP2,CWC2,NOP6,SSB1,MAK21,RRP8,RRP1,RLI1,ARX1,TMA64,RVB1,BFR2,UTP4,NPL3,PUF6,NOP16,NUG1,GCD11,ARB1,UTP7,LCP5,GLC7,SPB4,LOC1,TIF4632,RPL7A,SRM1,LSG1,NSA1,PRP43,ROK1,NUP49,XRN1,RTF1,RAI1,POP6,RPL26B,RRP46,NOP7,UTP8,MTR3,NSR1,TIF4631,PBP1,SDA1,NOP19,CIC1,RRP4,LRP1,IPI1,RPF1,GAR1,NMD3,UTP9,RIX1,YRB2,UTP25,NUP159,TMA108,SQT1,YVH1,HCA4,MTR4,ALB1,RPB4,SUI2,RPA12,RSM7,MRT4,MAK11,RRP14,EBP2,MTR2,RPF2,DRS1,SOF1,RIX7,PRP19,RLP24,RPS0B,REX2,BUD20,MDN1,CBF5,EMG1,NOP56,UTP13,SMD2,CDC73,TSR2,UTP14,RSC9,ERB1,UTP15,MTG1,ECM16,RRB1,RRP5,RNA1,TMA23,HAS1,RLP7,PUB1,IMP4,NOP15,DBP2,DCP2,KRE33,LSM7,IPI3,RPA49,MRPS18,RSM19,DBP6,NOG2,RCL1,NOP12,BRX1,UTP23,NOB1,BUD21,PNO1,RPB8,PUS7,YTM1,NOP58,RPA190,NOP4,CAM1,MOT1,NAN1,NOP53,MEX67,RKM1,NIP7,BMS1,NEW1,RVB2,SUI3,DIM1,RPA135,TIF6,RRP9,TIF3,JIP5,RPO26	1.61e-8	1.55e-5	ribonucleoprotein complex biogenesis
Process	GO.0042254	148	320	4932	YAL025C,YAL035W,YAL059W,YBL026W,YBR142W,YBR154C,YBR247C,YBR267W,YBR279W,YCL054W,YCL059C,YCR035C,YCR072C,YDL014W,YDL031W,YDL148C,YDL153C,YDL208W,YDL213C,YDL229W,YDR060W,YDR083W,YDR087C,YDR091C,YDR101C,YDR117C,YDR299W,YDR324C,YDR432W,YDR496C,YER002W,YER006W,YER036C,YER082C,YER127W,YER133W,YFL002C,YFR001W,YGL076C,YGL097W,YGL099W,YGL111W,YGL120C,YGL171W,YGL172W,YGL173C,YGL246C,YGR030C,YGR034W,YGR095C,YGR103W,YGR128C,YGR158C,YGR159C,YGR162W,YGR245C,YGR251W,YHR052W,YHR069C,YHR081W,YHR085W,YHR088W,YHR089C,YHR170W,YHR196W,YHR197W,YIL063C,YIL091C,YIL115C,YIL137C,YIR012W,YIR026C,YJL033W,YJL050W,YJL122W,YJR063W,YJR113C,YKL009W,YKL021C,YKL082C,YKL172W,YKL186C,YKR081C,YLL008W,YLL011W,YLL034C,YLR009W,YLR048W,YLR059C,YLR074C,YLR106C,YLR175W,YLR186W,YLR197W,YLR222C,YLR435W,YML093W,YML127W,YMR049C,YMR093W,YMR097C,YMR128W,YMR131C,YMR229C,YMR235C,YMR269W,YMR290C,YNL002C,YNL075W,YNL110C,YNL112W,YNL132W,YNL147W,YNL182C,YNL248C,YNL306W,YNR037C,YNR038W,YNR053C,YOL010W,YOL041C,YOL077C,YOR004W,YOR056C,YOR078W,YOR145C,YOR224C,YOR243C,YOR272W,YOR310C,YOR341W,YPL043W,YPL048W,YPL082C,YPL126W,YPL146C,YPL169C,YPL208W,YPL211W,YPL217C,YPL226W,YPL235W,YPL266W,YPR010C,YPR016C,YPR137W,YPR169W,YPR187W	MAK16,FUN12,ECM1,LSM2,MAK5,RPB5,ENP1,REI1,PAF1,SPB1,KRR1,RRP43,RSA4,NOP1,DBP10,NOP14,SAS10,NHP2,NOP6,SSB1,MAK21,RRP8,RRP1,RLI1,ARX1,TMA64,BFR2,UTP4,NPL3,PUF6,NOP16,NUG1,ARB1,UTP7,LCP5,GLC7,SPB4,LOC1,RPL7A,SRM1,LSG1,NSA1,PRP43,ROK1,NUP49,XRN1,RAI1,POP6,RPL26B,RRP46,NOP7,UTP8,MTR3,NSR1,TIF4631,SDA1,NOP19,CIC1,RRP4,LRP1,IPI1,RPF1,GAR1,NMD3,UTP9,RIX1,YRB2,UTP25,NUP159,TMA108,SQT1,YVH1,HCA4,MTR4,ALB1,RPA12,RSM7,MRT4,MAK11,RRP14,EBP2,MTR2,RPF2,DRS1,SOF1,RIX7,RLP24,RPS0B,REX2,BUD20,MDN1,CBF5,EMG1,NOP56,UTP13,TSR2,UTP14,RSC9,ERB1,UTP15,MTG1,ECM16,RRB1,RRP5,RNA1,TMA23,HAS1,RLP7,IMP4,NOP15,DBP2,KRE33,LSM7,IPI3,RPA49,MRPS18,RSM19,DBP6,NOG2,RCL1,NOP12,BRX1,UTP23,NOB1,BUD21,PNO1,RPB8,PUS7,YTM1,NOP58,RPA190,NOP4,CAM1,MOT1,NAN1,NOP53,MEX67,RKM1,NIP7,BMS1,NEW1,RVB2,DIM1,RPA135,TIF6,RRP9,JIP5,RPO26	5.19e-8	3.75e-5	ribosome biogenesis
Process	GO.0006396	166	373	4932	YAL025C,YAL032C,YAL035W,YAL043C,YBL024W,YBL026W,YBR022W,YBR142W,YBR160W,YBR236C,YBR247C,YBR279W,YCL054W,YCL059C,YCR035C,YDL014W,YDL031W,YDL043C,YDL044C,YDL051W,YDL084W,YDL148C,YDL153C,YDL160C,YDL201W,YDL208W,YDL209C,YDL213C,YDL229W,YDR083W,YDR087C,YDR091C,YDR117C,YDR165W,YDR194C,YDR195W,YDR228C,YDR267C,YDR299W,YDR324C,YDR432W,YER002W,YER006W,YER082C,YER127W,YER133W,YER168C,YFL002C,YFR001W,YGL076C,YGL111W,YGL120C,YGL130W,YGL171W,YGL173C,YGL211W,YGL232W,YGL244W,YGL246C,YGR030C,YGR095C,YGR103W,YGR128C,YGR158C,YGR159C,YGR251W,YGR262C,YHR069C,YHR070W,YHR081W,YHR085W,YHR088W,YHR089C,YHR111W,YHR196W,YHR197W,YIL008W,YIL091C,YJL033W,YJL050W,YJL087C,YJL098W,YJL125C,YJL140W,YKL009W,YKL018W,YKL021C,YKL027W,YKL082C,YKL110C,YKL172W,YKR002W,YKR028W,YKR081C,YLL008W,YLL011W,YLL036C,YLR048W,YLR059C,YLR106C,YLR175W,YLR186W,YLR197W,YLR222C,YLR275W,YLR384C,YLR401C,YLR418C,YLR435W,YML010W,YML014W,YML036W,YML093W,YML117W,YML127W,YMR049C,YMR093W,YMR125W,YMR128W,YMR131C,YMR229C,YMR259C,YMR290C,YMR302C,YNL002C,YNL075W,YNL110C,YNL112W,YNL118C,YNL132W,YNL147W,YNL182C,YNL251C,YNL306W,YNR038W,YOL010W,YOL041C,YOL115W,YOL124C,YOL125W,YOR004W,YOR046C,YOR056C,YOR078W,YOR145C,YOR204W,YOR239W,YOR243C,YOR251C,YOR272W,YOR310C,YPL043W,YPL082C,YPL086C,YPL126W,YPL135W,YPL146C,YPL178W,YPL211W,YPL212C,YPL217C,YPL235W,YPL266W,YPR016C,YPR137W,YPR169W	MAK16,PRP45,FUN12,PTA1,NCL1,LSM2,POA1,MAK5,CDC28,ABD1,ENP1,PAF1,SPB1,KRR1,RRP43,NOP1,DBP10,PRP11,MTF2,LHP1,SUB2,NOP14,SAS10,DHH1,TRM8,NHP2,CWC2,NOP6,SSB1,RRP8,RRP1,RLI1,TMA64,TRM82,MSS116,REF2,PCF11,CIA1,BFR2,UTP4,NPL3,NOP16,NUG1,UTP7,LCP5,GLC7,CCA1,SPB4,LOC1,RPL7A,NSA1,PRP43,CEG1,ROK1,XRN1,NCS6,TAN1,RTF1,RAI1,POP6,RRP46,NOP7,UTP8,MTR3,NSR1,NOP19,BUD32,RRP4,TRM5,LRP1,IPI1,RPF1,GAR1,UBA4,UTP9,RIX1,URM1,UTP25,HCA4,MTR4,TRL1,SAP185,GCD14,RPB4,MRT4,SWD2,MAK11,TCD2,RRP14,KTI12,EBP2,PAP1,SAP190,RPF2,DRS1,SOF1,PRP19,RPS0B,REX2,MDN1,CBF5,EMG1,NOP56,UTP13,SMD2,IKI3,DUS3,CDC73,TSR2,SPT5,TRM9,CGI121,UTP14,NAB6,RSC9,ERB1,UTP15,STO1,ECM16,RRB1,RRP5,TRM732,HAS1,YME2,RLP7,IMP4,NOP15,DBP2,DCP2,KRE33,LSM7,IPI3,NRD1,MRPS18,DBP6,RCL1,NOP12,PAP2,TRM11,TRM13,UTP23,DBP5,NOB1,BUD21,PNO1,DED1,ABP140,PUS7,TUM1,YTM1,NOP58,NOP4,MOT1,ELP3,NAN1,ISU1,NOP53,CBC2,NIP7,PUS1,BMS1,RVB2,DIM1,TIF6,RRP9,JIP5	5.31e-8	3.75e-5	RNA processing
Process	GO.0044085	272	710	4932	YAL025C,YAL032C,YAL035W,YAL059W,YBL022C,YBL023C,YBL026W,YBR079C,YBR080C,YBR108W,YBR112C,YBR142W,YBR154C,YBR160W,YBR173C,YBR198C,YBR205W,YBR215W,YBR247C,YBR267W,YBR279W,YCL054W,YCL059C,YCR002C,YCR009C,YCR035C,YCR072C,YDL005C,YDL014W,YDL031W,YDL043C,YDL058W,YDL097C,YDL148C,YDL153C,YDL160C,YDL208W,YDL209C,YDL213C,YDL225W,YDL229W,YDR060W,YDR083W,YDR087C,YDR091C,YDR101C,YDR117C,YDR167W,YDR170C,YDR190C,YDR231C,YDR245W,YDR267C,YDR299W,YDR324C,YDR328C,YDR379C-A,YDR427W,YDR432W,YDR483W,YDR496C,YEL032W,YEL058W,YER002W,YER006W,YER016W,YER025W,YER036C,YER082C,YER127W,YER133W,YER164W,YFL002C,YFL038C,YFR001W,YFR024C-A,YFR028C,YGL008C,YGL018C,YGL027C,YGL049C,YGL076C,YGL097W,YGL099W,YGL111W,YGL120C,YGL171W,YGL172W,YGL173C,YGL206C,YGL207W,YGL213C,YGL244W,YGL246C,YGR030C,YGR034W,YGR078C,YGR082W,YGR095C,YGR103W,YGR116W,YGR128C,YGR158C,YGR159C,YGR162W,YGR178C,YGR245C,YGR251W,YHR041C,YHR052W,YHR069C,YHR081W,YHR083W,YHR085W,YHR088W,YHR089C,YHR098C,YHR115C,YHR116W,YHR122W,YHR170W,YHR196W,YHR197W,YIL063C,YIL075C,YIL091C,YIL105C,YIL109C,YIL115C,YIL126W,YIL137C,YIR012W,YIR026C,YJL033W,YJL050W,YJL074C,YJL122W,YJL140W,YJL178C,YJL186W,YJR007W,YJR046W,YJR063W,YJR113C,YJR125C,YKL009W,YKL013C,YKL021C,YKL082C,YKL096W,YKL126W,YKL172W,YKL186C,YKL206C,YKR014C,YKR042W,YKR081C,YLL008W,YLL011W,YLL034C,YLL036C,YLL040C,YLR009W,YLR048W,YLR059C,YLR074C,YLR086W,YLR106C,YLR175W,YLR186W,YLR197W,YLR199C,YLR206W,YLR222C,YLR275W,YLR319C,YLR330W,YLR347C,YLR369W,YLR418C,YLR435W,YML093W,YML105C,YML115C,YML127W,YMR031C,YMR033W,YMR049C,YMR093W,YMR097C,YMR117C,YMR128W,YMR131C,YMR215W,YMR229C,YMR235C,YMR236W,YMR237W,YMR269W,YMR290C,YMR307W,YNL002C,YNL016W,YNL075W,YNL084C,YNL110C,YNL112W,YNL116W,YNL118C,YNL132W,YNL147W,YNL153C,YNL166C,YNL182C,YNL192W,YNL225C,YNL246W,YNL248C,YNL271C,YNL306W,YNR037C,YNR038W,YNR049C,YNR053C,YOL010W,YOL041C,YOL071W,YOL077C,YOR004W,YOR056C,YOR078W,YOR089C,YOR099W,YOR115C,YOR145C,YOR224C,YOR239W,YOR243C,YOR270C,YOR272W,YOR310C,YOR341W,YPL043W,YPL048W,YPL050C,YPL053C,YPL082C,YPL085W,YPL099C,YPL120W,YPL126W,YPL127C,YPL129W,YPL135W,YPL146C,YPL169C,YPL208W,YPL211W,YPL217C,YPL226W,YPL235W,YPL237W,YPL266W,YPR010C,YPR016C,YPR028W,YPR137W,YPR149W,YPR162C,YPR163C,YPR169W,YPR187W	MAK16,PRP45,FUN12,ECM1,PIM1,MCM2,LSM2,RPG1,SEC18,AIM3,CYC8,MAK5,RPB5,CDC28,UMP1,TAF5,KTR3,HPC2,ENP1,REI1,PAF1,SPB1,KRR1,CDC10,RVS161,RRP43,RSA4,MED2,NOP1,DBP10,PRP11,USO1,RPN6,NOP14,SAS10,DHH1,NHP2,CWC2,NOP6,SHS1,SSB1,MAK21,RRP8,RRP1,RLI1,ARX1,TMA64,TAF10,SEC7,RVB1,COX20,MNN10,CIA1,BFR2,UTP4,SKP1,SDH6,RPN9,NPL3,KRE2,PUF6,MCM3,PCM1,NOP16,NUG1,BIM1,GCD11,ARB1,UTP7,LCP5,GLC7,CHD1,SPB4,YPT1,LOC1,LSB3,CDC14,PMA1,JAC1,CWH41,TIF4632,RPL7A,SRM1,LSG1,NSA1,PRP43,ROK1,NUP49,XRN1,CHC1,SPT16,SKI8,RTF1,RAI1,POP6,RPL26B,PAC10,TOM20,RRP46,NOP7,SPT6,UTP8,MTR3,NSR1,TIF4631,PBP1,SDA1,NOP19,SRB2,CIC1,RRP4,LRP1,SAM35,IPI1,RPF1,GAR1,SFB3,DMA1,COX23,CIA2,NMD3,UTP9,RIX1,YRB2,RPN2,UTP25,SLM1,SEC24,NUP159,STH1,TMA108,SQT1,YVH1,HCA4,MTR4,SMC3,ALB1,RPB4,ATG27,MNN5,SUI2,TAH11,RPA12,RSM7,ENT3,MRT4,ARC19,MAK11,RRP14,CWP1,YPK1,EBP2,MTR2,ADD66,YPT52,UTH1,RPF2,DRS1,SOF1,RIX7,PRP19,VPS13,RLP24,RPS0B,REX2,BUD20,SMC4,MDN1,CBF5,EMG1,NOP56,PBA1,ENT2,UTP13,SMD2,BUD6,CHS5,KAP95,SSQ1,CDC73,TSR2,UTP14,SEC65,VAN1,RSC9,EIS1,ARP9,ERB1,UTP15,MTG1,SPC24,ECM16,RRB1,GAS3,RRP5,RNA1,TAF9,BCH1,TMA23,HAS1,GAS1,RLP7,PUB1,IMP4,END3,NOP15,DBP2,DMA2,DCP2,KRE33,LSM7,GIM3,BNI5,IPI3,CHS1,CNM67,VPS75,RPA49,BNI1,MRPS18,RSM19,DBP6,MSO1,NOG2,RCL1,NOP12,SDH5,BRX1,UTP23,NOB1,BUD21,VPS21,KTR1,TRS33,PNO1,RPB8,ABP140,PUS7,VPH1,YTM1,NOP58,RPA190,NOP4,CAM1,MNN9,KTR6,MOT1,SEC16,INA17,VPS30,NAN1,HHO1,TAF14,ISU1,NOP53,MEX67,RKM1,NIP7,BMS1,NEW1,RVB2,SUI3,DIM1,RPA135,TIF6,YOP1,RRP9,NCE102,ORC4,TIF3,JIP5,RPO26	1.02e-7	4.92e-5	cellular component biogenesis
Process	GO.0016070	260	698	4932	YAL025C,YAL032C,YAL035W,YAL043C,YBL024W,YBL026W,YBL076C,YBR022W,YBR057C,YBR088C,YBR112C,YBR123C,YBR142W,YBR143C,YBR154C,YBR160W,YBR198C,YBR215W,YBR231C,YBR236C,YBR247C,YBR253W,YBR279W,YCL011C,YCL054W,YCL059C,YCR035C,YCR093W,YDL002C,YDL005C,YDL014W,YDL031W,YDL043C,YDL044C,YDL051W,YDL076C,YDL084W,YDL140C,YDL148C,YDL150W,YDL153C,YDL160C,YDL201W,YDL208W,YDL209C,YDL213C,YDL219W,YDL229W,YDR083W,YDR087C,YDR091C,YDR117C,YDR165W,YDR167W,YDR172W,YDR176W,YDR190C,YDR194C,YDR195W,YDR216W,YDR228C,YDR267C,YDR299W,YDR324C,YDR341C,YDR392W,YDR432W,YER002W,YER006W,YER049W,YER082C,YER088C,YER127W,YER133W,YER164W,YER168C,YFL002C,YFL022C,YFL038C,YFR001W,YFR037C,YGL014W,YGL058W,YGL070C,YGL076C,YGL111W,YGL115W,YGL120C,YGL130W,YGL171W,YGL173C,YGL207W,YGL211W,YGL213C,YGL232W,YGL244W,YGL245W,YGL246C,YGR002C,YGR030C,YGR095C,YGR103W,YGR116W,YGR128C,YGR158C,YGR159C,YGR251W,YGR262C,YGR264C,YGR275W,YHR019C,YHR041C,YHR069C,YHR070W,YHR081W,YHR085W,YHR088W,YHR089C,YHR111W,YHR167W,YHR196W,YHR197W,YIL008W,YIL036W,YIL038C,YIL079C,YIL091C,YIL126W,YIR008C,YJL011C,YJL033W,YJL050W,YJL087C,YJL098W,YJL125C,YJL140W,YJL168C,YJR063W,YJR068W,YKL009W,YKL018W,YKL021C,YKL027W,YKL038W,YKL082C,YKL110C,YKL112W,YKL113C,YKL172W,YKL204W,YKR002W,YKR028W,YKR029C,YKR081C,YLL008W,YLL011W,YLL036C,YLR048W,YLR052W,YLR059C,YLR060W,YLR106C,YLR113W,YLR175W,YLR186W,YLR197W,YLR222C,YLR275W,YLR321C,YLR384C,YLR401C,YLR418C,YLR435W,YML010W,YML014W,YML036W,YML093W,YML117W,YML127W,YMR033W,YMR044W,YMR049C,YMR091C,YMR093W,YMR125W,YMR128W,YMR131C,YMR229C,YMR236W,YMR259C,YMR290C,YMR302C,YNL002C,YNL016W,YNL059C,YNL072W,YNL075W,YNL110C,YNL112W,YNL118C,YNL132W,YNL147W,YNL182C,YNL216W,YNL247W,YNL248C,YNL251C,YNL288W,YNL290W,YNL306W,YNR038W,YOL004W,YOL005C,YOL010W,YOL012C,YOL041C,YOL067C,YOL097C,YOL108C,YOL115W,YOL124C,YOL125W,YOR004W,YOR046C,YOR051C,YOR056C,YOR078W,YOR116C,YOR140W,YOR145C,YOR151C,YOR204W,YOR224C,YOR239W,YOR243C,YOR251C,YOR272W,YOR310C,YOR341W,YPL037C,YPL043W,YPL082C,YPL086C,YPL126W,YPL129W,YPL135W,YPL146C,YPL160W,YPL178W,YPL211W,YPL212C,YPL217C,YPL235W,YPL266W,YPR010C,YPR016C,YPR072W,YPR137W,YPR169W,YPR187W	MAK16,PRP45,FUN12,PTA1,NCL1,LSM2,ILS1,POA1,MUM2,POL30,CYC8,TFC1,MAK5,SUP45,RPB5,CDC28,TAF5,HPC2,SWC5,ABD1,ENP1,SRB6,PAF1,GBP2,SPB1,KRR1,RRP43,CDC39,NHP10,MED2,NOP1,DBP10,PRP11,MTF2,LHP1,RXT3,SUB2,RPO21,NOP14,RPC53,SAS10,DHH1,TRM8,NHP2,CWC2,NOP6,DTD1,SSB1,RRP8,RRP1,RLI1,TMA64,TRM82,TAF10,SUP35,NGG1,RVB1,MSS116,REF2,ADR1,PCF11,CIA1,BFR2,UTP4,YDR341C,SPT3,NPL3,NOP16,NUG1,TPA1,UTP7,DOT6,LCP5,GLC7,CHD1,CCA1,SPB4,FRS2,YPT1,LOC1,RSC8,PUF4,RAD6,RPB9,RPL7A,NSA1,SNF4,PRP43,CEG1,ROK1,XRN1,SPT16,NCS6,SKI8,TAN1,RTF1,GUS1,RAI1,SWC4,POP6,RRP46,NOP7,SPT6,UTP8,MTR3,NSR1,NOP19,BUD32,MES1,RTT102,DED81,SRB2,RRP4,TRM5,LRP1,IPI1,RPF1,GAR1,UBA4,THP2,UTP9,RIX1,URM1,CST6,NOT3,AIR1,UTP25,STH1,PRI1,RPC17,HCA4,MTR4,TRL1,SAP185,GCD14,RPB4,SET2,RPA12,RFC2,MRT4,SWD2,MAK11,TCD2,RGT1,RRP14,KTI12,ABF1,RAD27,EBP2,EAP1,PAP1,SAP190,SET3,RPF2,DRS1,SOF1,PRP19,RPS0B,IES3,REX2,FRS1,MDN1,HOG1,CBF5,EMG1,NOP56,UTP13,SMD2,SFH1,IKI3,DUS3,CDC73,TSR2,SPT5,TRM9,CGI121,UTP14,NAB6,RSC9,ARP9,IOC4,ERB1,NPL6,UTP15,STO1,ECM16,RRB1,RRP5,TAF9,TRM732,HAS1,YME2,RLP7,PUB1,ARP5,RNH201,IMP4,NOP15,DBP2,DCP2,KRE33,LSM7,IPI3,RAP1,YNL247W,RPA49,NRD1,CAF40,RFC3,MRPS18,DBP6,SIN3,RPB11,RCL1,HTZ1,NOP12,RTG1,WRS1,INO4,PAP2,TRM11,TRM13,UTP23,DBP5,ETT1,NOB1,BUD21,RPO31,SFL1,PNO1,RPB2,DED1,RPB8,ABP140,PUS7,TUM1,YTM1,NOP58,RPA190,EGD1,NOP4,MOT1,ELP3,NAN1,TAF14,ISU1,NOP53,CDC60,CBC2,NIP7,PUS1,BMS1,RVB2,DIM1,RPA135,TIF6,NOT5,RRP9,JIP5,RPO26	1.78e-6	7.4e-4	RNA metabolic process
Process	GO.0043170	468	1424	4932	YAL023C,YAL025C,YAL032C,YAL035W,YAL036C,YAL043C,YAL054C,YAR002W,YAR007C,YBL016W,YBL022C,YBL023C,YBL024W,YBL026W,YBL046W,YBL076C,YBR022W,YBR031W,YBR034C,YBR056W,YBR057C,YBR058C,YBR074W,YBR079C,YBR088C,YBR101C,YBR106W,YBR112C,YBR123C,YBR142W,YBR143C,YBR154C,YBR160W,YBR173C,YBR198C,YBR205W,YBR215W,YBR231C,YBR236C,YBR246W,YBR247C,YBR253W,YBR279W,YBR286W,YCL011C,YCL016C,YCL032W,YCL037C,YCL054W,YCL057W,YCL059C,YCR026C,YCR035C,YCR046C,YCR093W,YDL002C,YDL005C,YDL014W,YDL031W,YDL040C,YDL043C,YDL044C,YDL051W,YDL076C,YDL081C,YDL084W,YDL095W,YDL097C,YDL101C,YDL123W,YDL130W,YDL134C,YDL140C,YDL147W,YDL148C,YDL150W,YDL153C,YDL160C,YDL190C,YDL201W,YDL208W,YDL209C,YDL213C,YDL219W,YDL229W,YDR083W,YDR087C,YDR091C,YDR101C,YDR117C,YDR144C,YDR165W,YDR167W,YDR172W,YDR175C,YDR176W,YDR190C,YDR194C,YDR195W,YDR211W,YDR216W,YDR221W,YDR228C,YDR231C,YDR245W,YDR266C,YDR267C,YDR299W,YDR324C,YDR328C,YDR341C,YDR347W,YDR390C,YDR392W,YDR427W,YDR429C,YDR432W,YDR434W,YDR466W,YDR483W,YEL002C,YEL012W,YEL032W,YEL037C,YEL040W,YEL042W,YEL058W,YER002W,YER006W,YER021W,YER025W,YER049W,YER070W,YER082C,YER088C,YER089C,YER123W,YER125W,YER127W,YER133W,YER164W,YER168C,YFL002C,YFL022C,YFL038C,YFR001W,YFR003C,YFR006W,YFR028C,YFR037C,YGL014W,YGL018C,YGL022W,YGL027C,YGL038C,YGL049C,YGL058W,YGL070C,YGL076C,YGL097W,YGL111W,YGL115W,YGL120C,YGL130W,YGL171W,YGL172W,YGL173C,YGL207W,YGL211W,YGL213C,YGL232W,YGL244W,YGL245W,YGL246C,YGR002C,YGR030C,YGR034W,YGR054W,YGR092W,YGR095C,YGR103W,YGR116W,YGR123C,YGR128C,YGR158C,YGR159C,YGR162W,YGR178C,YGR215W,YGR251W,YGR262C,YGR264C,YGR275W,YHR013C,YHR019C,YHR027C,YHR041C,YHR052W,YHR069C,YHR070W,YHR076W,YHR081W,YHR085W,YHR088W,YHR089C,YHR108W,YHR111W,YHR113W,YHR115C,YHR167W,YHR196W,YHR197W,YIL008W,YIL015W,YIL036W,YIL038C,YIL039W,YIL063C,YIL075C,YIL079C,YIL091C,YIL106W,YIL115C,YIL123W,YIL126W,YIL137C,YIR008C,YIR026C,YJL002C,YJL011C,YJL033W,YJL050W,YJL074C,YJL087C,YJL098W,YJL125C,YJL128C,YJL140W,YJL164C,YJL165C,YJL168C,YJL172W,YJL183W,YJL186W,YJR007W,YJR046W,YJR063W,YJR068W,YJR070C,YJR113C,YJR131W,YJR143C,YKL002W,YKL009W,YKL018W,YKL019W,YKL021C,YKL027W,YKL038W,YKL054C,YKL082C,YKL100C,YKL101W,YKL110C,YKL112W,YKL113C,YKL116C,YKL126W,YKL127W,YKL157W,YKL165C,YKL172W,YKL186C,YKL190W,YKL204W,YKL213C,YKR002W,YKR006C,YKR026C,YKR028W,YKR029C,YKR042W,YKR081C,YKR082W,YLL008W,YLL011W,YLL029W,YLL036C,YLR009W,YLR048W,YLR052W,YLR059C,YLR060W,YLR061W,YLR069C,YLR106C,YLR113W,YLR118C,YLR119W,YLR150W,YLR153C,YLR172C,YLR175W,YLR186W,YLR195C,YLR197W,YLR208W,YLR222C,YLR248W,YLR249W,YLR275W,YLR286C,YLR291C,YLR300W,YLR321C,YLR330W,YLR342W,YLR367W,YLR369W,YLR384C,YLR401C,YLR406C,YLR418C,YLR421C,YLR435W,YML010W,YML014W,YML036W,YML055W,YML093W,YML101C,YML115C,YML117W,YML127W,YMR012W,YMR022W,YMR033W,YMR036C,YMR044W,YMR049C,YMR091C,YMR093W,YMR097C,YMR125W,YMR128W,YMR131C,YMR158W,YMR184W,YMR214W,YMR215W,YMR229C,YMR236W,YMR237W,YMR259C,YMR277W,YMR290C,YMR291W,YMR302C,YMR307W,YMR308C,YMR309C,YNL002C,YNL014W,YNL016W,YNL045W,YNL056W,YNL059C,YNL072W,YNL075W,YNL085W,YNL099C,YNL110C,YNL112W,YNL116W,YNL118C,YNL123W,YNL132W,YNL147W,YNL153C,YNL182C,YNL186W,YNL192W,YNL216W,YNL246W,YNL247W,YNL248C,YNL251C,YNL288W,YNL290W,YNL306W,YNR037C,YNR038W,YNR067C,YOL004W,YOL005C,YOL010W,YOL012C,YOL039W,YOL041C,YOL057W,YOL067C,YOL071W,YOL097C,YOL108C,YOL115W,YOL124C,YOL125W,YOR004W,YOR046C,YOR051C,YOR056C,YOR078W,YOR099W,YOR116C,YOR140W,YOR145C,YOR151C,YOR157C,YOR204W,YOR224C,YOR239W,YOR243C,YOR251C,YOR260W,YOR261C,YOR272W,YOR310C,YOR341W,YOR361C,YOR369C,YOR371C,YPL001W,YPL037C,YPL043W,YPL048W,YPL050C,YPL053C,YPL063W,YPL082C,YPL086C,YPL091W,YPL126W,YPL129W,YPL135W,YPL146C,YPL160W,YPL169C,YPL178W,YPL208W,YPL211W,YPL212C,YPL217C,YPL226W,YPL235W,YPL237W,YPL266W,YPR010C,YPR016C,YPR051W,YPR072W,YPR108W,YPR135W,YPR137W,YPR159W,YPR162C,YPR163C,YPR169W,YPR187W	PMT2,MAK16,PRP45,FUN12,RBG1,PTA1,ACS1,NUP60,RFA1,FUS3,PIM1,MCM2,NCL1,LSM2,PSY4,ILS1,POA1,RPL4A,HMT1,YBR056W,MUM2,UBP14,PFF1,RPG1,POL30,FES1,PHO88,CYC8,TFC1,MAK5,SUP45,RPB5,CDC28,UMP1,TAF5,KTR3,HPC2,SWC5,ABD1,RRT2,ENP1,SRB6,PAF1,APE3,GBP2,DCC1,STE50,SRO9,SPB1,PRD1,KRR1,NPP1,RRP43,IMG1,CDC39,NHP10,MED2,NOP1,DBP10,NAT1,PRP11,MTF2,LHP1,RXT3,RPP1A,SUB2,PMT1,RPN6,DUN1,SNA4,RPP1B,PPH21,RPO21,RPN5,NOP14,RPC53,SAS10,DHH1,UFD2,TRM8,NHP2,CWC2,NOP6,DTD1,SSB1,RRP8,RRP1,RLI1,ARX1,TMA64,MKC7,TRM82,TAF10,SUP35,RSM24,NGG1,RVB1,MSS116,REF2,GCD6,ADR1,GTB1,PCF11,COX20,MNN10,HEL2,CIA1,BFR2,UTP4,SKP1,YDR341C,MRP1,UBA2,SPT3,RPN9,TIF35,NPL3,GPI17,PKH3,KRE2,WBP1,UBC8,MCM3,RAD23,UTR2,GDA1,PCM1,NOP16,NUG1,RPN3,GCD11,TPA1,RNR1,UTP7,DOT6,PTC2,YCK3,RSP5,LCP5,GLC7,CHD1,CCA1,SPB4,FRS2,YPT1,LOC1,YPI1,YFR006W,CDC14,RSC8,PUF4,JAC1,STT3,CWH41,OCH1,TIF4632,RAD6,RPB9,RPL7A,SRM1,NSA1,SNF4,PRP43,CEG1,ROK1,NUP49,XRN1,SPT16,NCS6,SKI8,TAN1,RTF1,GUS1,RAI1,SWC4,POP6,RPL26B,YGR054W,DBF2,RRP46,NOP7,SPT6,PPT1,UTP8,MTR3,NSR1,TIF4631,PBP1,RSM27,NOP19,BUD32,MES1,RTT102,ARD1,DED81,RPN1,SRB2,CIC1,RRP4,TRM5,PTC7,LRP1,IPI1,RPF1,GAR1,GGA2,UBA4,APE4,DMA1,THP2,UTP9,RIX1,URM1,BAR1,CST6,NOT3,TED1,YRB2,RPN2,AIR1,UTP25,MOB1,NUP159,SIM1,STH1,TMA108,PRI1,YVH1,OST1,RPC17,HCA4,MTR4,SMC3,TRL1,SAP185,GCD14,PBS2,RPB4,TPK1,HAL5,SET2,CPS1,MNN11,MNN5,SUI2,TAH11,RPA12,RFC2,LIA1,RSM7,MNS1,PMT4,DID4,MRT4,SWD2,RAM2,MAK11,TCD2,RGT1,DEF1,RRP14,YPF1,HSL1,KTI12,ABF1,RAD27,PRR1,YPK1,PGM1,APE2,MCD4,EBP2,MTR2,CNB1,EAP1,DOA1,PAP1,MRPL13,GCN3,SAP190,SET3,UTH1,RPF2,NUP133,DRS1,SOF1,FRA1,PRP19,RLP24,RPS0B,IES3,REX2,FRS1,RPL22A,MEF1,MDN1,HOG1,YLR118C,SRN2,STM1,ACS2,DPH5,CBF5,EMG1,NMT1,NOP56,SEC13,UTP13,RCK2,YEF3,SMD2,CTS1,GCD7,EXG1,SFH1,CHS5,FKS1,RPS22B,SSQ1,IKI3,DUS3,RPL31B,CDC73,RPN13,TSR2,SPT5,TRM9,CGI121,SPC2,UTP14,CUE4,VAN1,NAB6,RSC9,CLU1,UBC7,ARP9,MIH1,IOC4,ERB1,NPL6,UTP15,MTG1,STO1,ECM16,RRB1,MRPS8,ADD37,SCJ1,GAS3,RRP5,TAF9,BCH1,TRM732,FCP1,HAS1,TDA1,YME2,GAS1,PSE1,NIP1,RLP7,HEF3,PUB1,LAP2,OCA2,ARP5,RNH201,IMP4,MKT1,OCA1,NOP15,DBP2,DMA2,DCP2,NMA111,KRE33,LSM7,GIM3,IPI3,UBP10,CHS1,RAP1,VPS75,YNL247W,RPA49,NRD1,CAF40,RFC3,MRPS18,RSM19,DBP6,DSE4,SIN3,RPB11,RCL1,HTZ1,RPP2A,NOP12,YOL057W,RTG1,SDH5,WRS1,INO4,PAP2,TRM11,TRM13,UTP23,DBP5,ETT1,NOB1,BUD21,KTR1,RPO31,SFL1,PNO1,RPB2,PUP1,DED1,RPB8,ABP140,PUS7,TUM1,GCD1,RPN8,YTM1,NOP58,RPA190,PRT1,RPS12,GPB1,HAT1,EGD1,NOP4,CAM1,MNN9,KTR6,TIM50,MOT1,ELP3,GLR1,NAN1,TAF14,ISU1,NOP53,CDC60,MEX67,CBC2,RKM1,NIP7,PUS1,BMS1,NEW1,RVB2,SUI3,DIM1,RPA135,TIF6,MAK3,NOT5,RPN7,CTF4,RRP9,KRE6,ORC4,TIF3,JIP5,RPO26	2.49e-6	9e-4	macromolecule metabolic process
Process	GO.0006364	105	222	4932	YAL025C,YAL035W,YBL026W,YBR142W,YBR247C,YBR279W,YCL054W,YCL059C,YCR035C,YDL014W,YDL031W,YDL148C,YDL153C,YDL208W,YDL213C,YDL229W,YDR083W,YDR087C,YDR091C,YDR117C,YDR299W,YDR324C,YDR432W,YER002W,YER006W,YER082C,YER127W,YER133W,YFL002C,YFR001W,YGL076C,YGL111W,YGL120C,YGL171W,YGL173C,YGL246C,YGR030C,YGR095C,YGR103W,YGR128C,YGR158C,YGR159C,YGR251W,YHR069C,YHR081W,YHR085W,YHR088W,YHR089C,YHR196W,YHR197W,YIL091C,YJL033W,YJL050W,YKL009W,YKL021C,YKL082C,YKL172W,YKR081C,YLL008W,YLL011W,YLR048W,YLR059C,YLR106C,YLR175W,YLR186W,YLR197W,YLR222C,YLR435W,YML093W,YML127W,YMR049C,YMR093W,YMR128W,YMR131C,YMR229C,YMR290C,YNL002C,YNL075W,YNL110C,YNL112W,YNL132W,YNL147W,YNL182C,YNL306W,YNR038W,YOL010W,YOL041C,YOR004W,YOR056C,YOR078W,YOR145C,YOR243C,YOR272W,YOR310C,YPL043W,YPL082C,YPL126W,YPL146C,YPL211W,YPL217C,YPL235W,YPL266W,YPR016C,YPR137W,YPR169W	MAK16,FUN12,LSM2,MAK5,ENP1,PAF1,SPB1,KRR1,RRP43,NOP1,DBP10,NOP14,SAS10,NHP2,NOP6,SSB1,RRP8,RRP1,RLI1,TMA64,BFR2,UTP4,NPL3,NOP16,NUG1,UTP7,LCP5,GLC7,SPB4,LOC1,RPL7A,NSA1,PRP43,ROK1,XRN1,RAI1,POP6,RRP46,NOP7,UTP8,MTR3,NSR1,NOP19,RRP4,LRP1,IPI1,RPF1,GAR1,UTP9,RIX1,UTP25,HCA4,MTR4,MRT4,MAK11,RRP14,EBP2,RPF2,DRS1,SOF1,RPS0B,REX2,MDN1,CBF5,EMG1,NOP56,UTP13,TSR2,UTP14,RSC9,ERB1,UTP15,ECM16,RRB1,RRP5,HAS1,RLP7,IMP4,NOP15,DBP2,KRE33,LSM7,IPI3,MRPS18,DBP6,RCL1,NOP12,UTP23,NOB1,BUD21,PNO1,PUS7,YTM1,NOP58,NOP4,MOT1,NAN1,NOP53,NIP7,BMS1,RVB2,DIM1,TIF6,RRP9,JIP5	2.9e-6	0.00093000000000000005	rRNA processing
Process	GO.0016072	112	243	4932	YAL025C,YAL035W,YBL026W,YBR123C,YBR142W,YBR247C,YBR279W,YCL054W,YCL059C,YCR035C,YDL014W,YDL031W,YDL148C,YDL153C,YDL208W,YDL213C,YDL229W,YDR083W,YDR087C,YDR091C,YDR117C,YDR299W,YDR324C,YDR432W,YER002W,YER006W,YER082C,YER127W,YER133W,YFL002C,YFR001W,YGL076C,YGL111W,YGL120C,YGL171W,YGL173C,YGL246C,YGR030C,YGR095C,YGR103W,YGR128C,YGR158C,YGR159C,YGR251W,YHR069C,YHR081W,YHR085W,YHR088W,YHR089C,YHR196W,YHR197W,YIL079C,YIL091C,YJL033W,YJL050W,YJR063W,YKL009W,YKL021C,YKL082C,YKL172W,YKR081C,YLL008W,YLL011W,YLR048W,YLR059C,YLR106C,YLR175W,YLR186W,YLR197W,YLR222C,YLR435W,YML093W,YML127W,YMR049C,YMR093W,YMR128W,YMR131C,YMR229C,YMR290C,YNL002C,YNL075W,YNL110C,YNL112W,YNL132W,YNL147W,YNL182C,YNL248C,YNL306W,YNR038W,YOL010W,YOL041C,YOL115W,YOR004W,YOR056C,YOR078W,YOR145C,YOR243C,YOR272W,YOR310C,YOR341W,YPL043W,YPL082C,YPL126W,YPL146C,YPL211W,YPL217C,YPL235W,YPL266W,YPR010C,YPR016C,YPR137W,YPR169W	MAK16,FUN12,LSM2,TFC1,MAK5,ENP1,PAF1,SPB1,KRR1,RRP43,NOP1,DBP10,NOP14,SAS10,NHP2,NOP6,SSB1,RRP8,RRP1,RLI1,TMA64,BFR2,UTP4,NPL3,NOP16,NUG1,UTP7,LCP5,GLC7,SPB4,LOC1,RPL7A,NSA1,PRP43,ROK1,XRN1,RAI1,POP6,RRP46,NOP7,UTP8,MTR3,NSR1,NOP19,RRP4,LRP1,IPI1,RPF1,GAR1,UTP9,RIX1,AIR1,UTP25,HCA4,MTR4,RPA12,MRT4,MAK11,RRP14,EBP2,RPF2,DRS1,SOF1,RPS0B,REX2,MDN1,CBF5,EMG1,NOP56,UTP13,TSR2,UTP14,RSC9,ERB1,UTP15,ECM16,RRB1,RRP5,HAS1,RLP7,IMP4,NOP15,DBP2,KRE33,LSM7,IPI3,RPA49,MRPS18,DBP6,RCL1,NOP12,PAP2,UTP23,NOB1,BUD21,PNO1,PUS7,YTM1,NOP58,RPA190,NOP4,MOT1,NAN1,NOP53,NIP7,BMS1,RVB2,DIM1,RPA135,TIF6,RRP9,JIP5	3.39e-6	9.8e-4	rRNA metabolic process
Process	GO.0090304	282	781	4932	YAL025C,YAL032C,YAL035W,YAL043C,YAR002W,YAR007C,YBL023C,YBL024W,YBL026W,YBL076C,YBR022W,YBR057C,YBR088C,YBR112C,YBR123C,YBR142W,YBR143C,YBR154C,YBR160W,YBR198C,YBR215W,YBR231C,YBR236C,YBR247C,YBR253W,YBR279W,YCL011C,YCL016C,YCL054W,YCL059C,YCR026C,YCR035C,YCR093W,YDL002C,YDL005C,YDL014W,YDL031W,YDL043C,YDL044C,YDL051W,YDL076C,YDL084W,YDL101C,YDL140C,YDL148C,YDL150W,YDL153C,YDL160C,YDL201W,YDL208W,YDL209C,YDL213C,YDL219W,YDL229W,YDR083W,YDR087C,YDR091C,YDR117C,YDR165W,YDR167W,YDR172W,YDR176W,YDR190C,YDR194C,YDR195W,YDR216W,YDR228C,YDR267C,YDR299W,YDR324C,YDR341C,YDR392W,YDR432W,YEL032W,YEL037C,YER002W,YER006W,YER049W,YER070W,YER082C,YER088C,YER127W,YER133W,YER164W,YER168C,YFL002C,YFL022C,YFL038C,YFR001W,YFR037C,YGL014W,YGL058W,YGL070C,YGL076C,YGL111W,YGL115W,YGL120C,YGL130W,YGL171W,YGL173C,YGL207W,YGL211W,YGL213C,YGL232W,YGL244W,YGL245W,YGL246C,YGR002C,YGR030C,YGR095C,YGR103W,YGR116W,YGR128C,YGR158C,YGR159C,YGR178C,YGR251W,YGR262C,YGR264C,YGR275W,YHR019C,YHR041C,YHR069C,YHR070W,YHR081W,YHR085W,YHR088W,YHR089C,YHR111W,YHR167W,YHR196W,YHR197W,YIL008W,YIL036W,YIL038C,YIL079C,YIL091C,YIL126W,YIR008C,YJL011C,YJL033W,YJL050W,YJL074C,YJL087C,YJL098W,YJL125C,YJL140W,YJL168C,YJR046W,YJR063W,YJR068W,YKL009W,YKL018W,YKL021C,YKL027W,YKL038W,YKL054C,YKL082C,YKL110C,YKL112W,YKL113C,YKL172W,YKL204W,YKL213C,YKR002W,YKR028W,YKR029C,YKR081C,YKR082W,YLL008W,YLL011W,YLL036C,YLR048W,YLR052W,YLR059C,YLR060W,YLR106C,YLR113W,YLR150W,YLR175W,YLR186W,YLR197W,YLR222C,YLR275W,YLR321C,YLR330W,YLR384C,YLR401C,YLR418C,YLR435W,YML010W,YML014W,YML036W,YML093W,YML117W,YML127W,YMR033W,YMR044W,YMR049C,YMR091C,YMR093W,YMR125W,YMR128W,YMR131C,YMR229C,YMR236W,YMR259C,YMR290C,YMR302C,YNL002C,YNL016W,YNL059C,YNL072W,YNL075W,YNL085W,YNL110C,YNL112W,YNL118C,YNL132W,YNL147W,YNL182C,YNL216W,YNL246W,YNL247W,YNL248C,YNL251C,YNL288W,YNL290W,YNL306W,YNR038W,YOL004W,YOL005C,YOL010W,YOL012C,YOL041C,YOL067C,YOL097C,YOL108C,YOL115W,YOL124C,YOL125W,YOR004W,YOR046C,YOR051C,YOR056C,YOR078W,YOR116C,YOR140W,YOR145C,YOR151C,YOR204W,YOR224C,YOR239W,YOR243C,YOR251C,YOR272W,YOR310C,YOR341W,YPL001W,YPL037C,YPL043W,YPL082C,YPL086C,YPL126W,YPL129W,YPL135W,YPL146C,YPL160W,YPL178W,YPL211W,YPL212C,YPL217C,YPL235W,YPL266W,YPR010C,YPR016C,YPR072W,YPR135W,YPR137W,YPR162C,YPR169W,YPR187W	MAK16,PRP45,FUN12,PTA1,NUP60,RFA1,MCM2,NCL1,LSM2,ILS1,POA1,MUM2,POL30,CYC8,TFC1,MAK5,SUP45,RPB5,CDC28,TAF5,HPC2,SWC5,ABD1,ENP1,SRB6,PAF1,GBP2,DCC1,SPB1,KRR1,NPP1,RRP43,CDC39,NHP10,MED2,NOP1,DBP10,PRP11,MTF2,LHP1,RXT3,SUB2,DUN1,RPO21,NOP14,RPC53,SAS10,DHH1,TRM8,NHP2,CWC2,NOP6,DTD1,SSB1,RRP8,RRP1,RLI1,TMA64,TRM82,TAF10,SUP35,NGG1,RVB1,MSS116,REF2,ADR1,PCF11,CIA1,BFR2,UTP4,YDR341C,SPT3,NPL3,MCM3,RAD23,NOP16,NUG1,TPA1,RNR1,UTP7,DOT6,LCP5,GLC7,CHD1,CCA1,SPB4,FRS2,YPT1,LOC1,RSC8,PUF4,RAD6,RPB9,RPL7A,NSA1,SNF4,PRP43,CEG1,ROK1,XRN1,SPT16,NCS6,SKI8,TAN1,RTF1,GUS1,RAI1,SWC4,POP6,RRP46,NOP7,SPT6,UTP8,MTR3,NSR1,PBP1,NOP19,BUD32,MES1,RTT102,DED81,SRB2,RRP4,TRM5,LRP1,IPI1,RPF1,GAR1,UBA4,THP2,UTP9,RIX1,URM1,CST6,NOT3,AIR1,UTP25,STH1,PRI1,RPC17,HCA4,MTR4,SMC3,TRL1,SAP185,GCD14,RPB4,SET2,TAH11,RPA12,RFC2,MRT4,SWD2,MAK11,TCD2,RGT1,DEF1,RRP14,KTI12,ABF1,RAD27,EBP2,EAP1,DOA1,PAP1,SAP190,SET3,RPF2,NUP133,DRS1,SOF1,PRP19,RPS0B,IES3,REX2,FRS1,MDN1,HOG1,STM1,CBF5,EMG1,NOP56,UTP13,SMD2,SFH1,CHS5,IKI3,DUS3,CDC73,TSR2,SPT5,TRM9,CGI121,UTP14,NAB6,RSC9,ARP9,IOC4,ERB1,NPL6,UTP15,STO1,ECM16,RRB1,RRP5,TAF9,TRM732,HAS1,YME2,RLP7,PUB1,ARP5,RNH201,IMP4,MKT1,NOP15,DBP2,DCP2,KRE33,LSM7,IPI3,RAP1,VPS75,YNL247W,RPA49,NRD1,CAF40,RFC3,MRPS18,DBP6,SIN3,RPB11,RCL1,HTZ1,NOP12,RTG1,WRS1,INO4,PAP2,TRM11,TRM13,UTP23,DBP5,ETT1,NOB1,BUD21,RPO31,SFL1,PNO1,RPB2,DED1,RPB8,ABP140,PUS7,TUM1,YTM1,NOP58,RPA190,HAT1,EGD1,NOP4,MOT1,ELP3,NAN1,TAF14,ISU1,NOP53,CDC60,CBC2,NIP7,PUS1,BMS1,RVB2,DIM1,RPA135,TIF6,NOT5,CTF4,RRP9,ORC4,JIP5,RPO26	4.63e-6	0.0012	nucleic acid metabolic process
Process	GO.0010467	310	901	4932	YAL025C,YAL032C,YAL035W,YAL036C,YAL043C,YAR002W,YBL024W,YBL026W,YBL076C,YBR022W,YBR031W,YBR034C,YBR079C,YBR106W,YBR112C,YBR123C,YBR142W,YBR143C,YBR154C,YBR160W,YBR198C,YBR215W,YBR231C,YBR236C,YBR247C,YBR253W,YBR279W,YCL011C,YCL037C,YCL054W,YCL059C,YCR035C,YCR046C,YCR093W,YDL002C,YDL005C,YDL014W,YDL031W,YDL040C,YDL043C,YDL044C,YDL051W,YDL076C,YDL081C,YDL084W,YDL130W,YDL140C,YDL148C,YDL150W,YDL153C,YDL160C,YDL201W,YDL208W,YDL209C,YDL213C,YDL229W,YDR083W,YDR087C,YDR091C,YDR117C,YDR165W,YDR167W,YDR172W,YDR175C,YDR176W,YDR190C,YDR194C,YDR195W,YDR211W,YDR216W,YDR228C,YDR231C,YDR267C,YDR299W,YDR324C,YDR341C,YDR347W,YDR392W,YDR429C,YDR432W,YER002W,YER006W,YER025W,YER049W,YER082C,YER088C,YER125W,YER127W,YER133W,YER164W,YER168C,YFL002C,YFL022C,YFR001W,YFR037C,YGL014W,YGL018C,YGL049C,YGL058W,YGL070C,YGL076C,YGL097W,YGL111W,YGL115W,YGL120C,YGL130W,YGL171W,YGL172W,YGL173C,YGL207W,YGL211W,YGL232W,YGL244W,YGL245W,YGL246C,YGR002C,YGR030C,YGR034W,YGR054W,YGR095C,YGR103W,YGR116W,YGR128C,YGR158C,YGR159C,YGR162W,YGR215W,YGR251W,YGR262C,YGR264C,YGR275W,YHR013C,YHR019C,YHR041C,YHR069C,YHR070W,YHR081W,YHR085W,YHR088W,YHR089C,YHR111W,YHR167W,YHR196W,YHR197W,YIL008W,YIL036W,YIL038C,YIL091C,YIL115C,YIL126W,YJL011C,YJL033W,YJL050W,YJL087C,YJL098W,YJL125C,YJL140W,YJL168C,YJR007W,YJR063W,YJR070C,YJR113C,YKL009W,YKL018W,YKL019W,YKL021C,YKL027W,YKL038W,YKL082C,YKL110C,YKL112W,YKL172W,YKL186C,YKR002W,YKR006C,YKR026C,YKR028W,YKR029C,YKR081C,YKR082W,YLL008W,YLL011W,YLL036C,YLR009W,YLR048W,YLR052W,YLR059C,YLR060W,YLR061W,YLR069C,YLR106C,YLR113W,YLR150W,YLR175W,YLR186W,YLR197W,YLR222C,YLR249W,YLR275W,YLR291C,YLR321C,YLR367W,YLR369W,YLR384C,YLR401C,YLR406C,YLR418C,YLR435W,YML010W,YML014W,YML036W,YML055W,YML093W,YML117W,YML127W,YMR012W,YMR033W,YMR044W,YMR049C,YMR091C,YMR093W,YMR097C,YMR125W,YMR128W,YMR131C,YMR158W,YMR229C,YMR236W,YMR259C,YMR290C,YMR302C,YMR308C,YMR309C,YNL002C,YNL014W,YNL059C,YNL075W,YNL110C,YNL112W,YNL118C,YNL132W,YNL147W,YNL182C,YNL216W,YNL247W,YNL248C,YNL251C,YNL288W,YNL306W,YNR037C,YNR038W,YOL004W,YOL005C,YOL010W,YOL012C,YOL039W,YOL041C,YOL067C,YOL097C,YOL108C,YOL115W,YOL124C,YOL125W,YOR004W,YOR046C,YOR051C,YOR056C,YOR078W,YOR116C,YOR140W,YOR145C,YOR151C,YOR204W,YOR224C,YOR239W,YOR243C,YOR251C,YOR260W,YOR272W,YOR310C,YOR341W,YOR361C,YOR369C,YPL037C,YPL043W,YPL048W,YPL082C,YPL086C,YPL126W,YPL129W,YPL135W,YPL146C,YPL160W,YPL169C,YPL178W,YPL211W,YPL212C,YPL217C,YPL226W,YPL235W,YPL237W,YPL266W,YPR010C,YPR016C,YPR051W,YPR072W,YPR137W,YPR163C,YPR169W,YPR187W	MAK16,PRP45,FUN12,RBG1,PTA1,NUP60,NCL1,LSM2,ILS1,POA1,RPL4A,HMT1,RPG1,PHO88,CYC8,TFC1,MAK5,SUP45,RPB5,CDC28,TAF5,HPC2,SWC5,ABD1,ENP1,SRB6,PAF1,GBP2,SRO9,SPB1,KRR1,RRP43,IMG1,CDC39,NHP10,MED2,NOP1,DBP10,NAT1,PRP11,MTF2,LHP1,RXT3,RPP1A,SUB2,RPP1B,RPO21,NOP14,RPC53,SAS10,DHH1,TRM8,NHP2,CWC2,NOP6,SSB1,RRP8,RRP1,RLI1,TMA64,TRM82,TAF10,SUP35,RSM24,NGG1,RVB1,MSS116,REF2,GCD6,ADR1,PCF11,COX20,CIA1,BFR2,UTP4,YDR341C,MRP1,SPT3,TIF35,NPL3,NOP16,NUG1,GCD11,TPA1,UTP7,DOT6,RSP5,LCP5,GLC7,CHD1,CCA1,SPB4,FRS2,LOC1,RSC8,PUF4,JAC1,TIF4632,RAD6,RPB9,RPL7A,SRM1,NSA1,SNF4,PRP43,CEG1,ROK1,NUP49,XRN1,SPT16,NCS6,TAN1,RTF1,GUS1,RAI1,SWC4,POP6,RPL26B,YGR054W,RRP46,NOP7,SPT6,UTP8,MTR3,NSR1,TIF4631,RSM27,NOP19,BUD32,MES1,RTT102,ARD1,DED81,SRB2,RRP4,TRM5,LRP1,IPI1,RPF1,GAR1,UBA4,THP2,UTP9,RIX1,URM1,CST6,NOT3,UTP25,NUP159,STH1,RPC17,HCA4,MTR4,TRL1,SAP185,GCD14,RPB4,SET2,SUI2,RPA12,LIA1,RSM7,MRT4,SWD2,RAM2,MAK11,TCD2,RGT1,RRP14,KTI12,ABF1,EBP2,MTR2,PAP1,MRPL13,GCN3,SAP190,SET3,RPF2,NUP133,DRS1,SOF1,PRP19,RLP24,RPS0B,IES3,REX2,FRS1,RPL22A,MEF1,MDN1,HOG1,STM1,CBF5,EMG1,NOP56,UTP13,YEF3,SMD2,GCD7,SFH1,RPS22B,SSQ1,IKI3,DUS3,RPL31B,CDC73,TSR2,SPT5,TRM9,CGI121,SPC2,UTP14,NAB6,RSC9,CLU1,ARP9,IOC4,ERB1,NPL6,UTP15,MTG1,STO1,ECM16,RRB1,MRPS8,RRP5,TAF9,TRM732,HAS1,YME2,PSE1,NIP1,RLP7,HEF3,ARP5,IMP4,NOP15,DBP2,DCP2,KRE33,LSM7,IPI3,RAP1,YNL247W,RPA49,NRD1,CAF40,MRPS18,RSM19,DBP6,SIN3,RPB11,RCL1,HTZ1,RPP2A,NOP12,RTG1,WRS1,INO4,PAP2,TRM11,TRM13,UTP23,DBP5,ETT1,NOB1,BUD21,RPO31,SFL1,PNO1,RPB2,DED1,RPB8,ABP140,PUS7,TUM1,GCD1,YTM1,NOP58,RPA190,PRT1,RPS12,EGD1,NOP4,CAM1,MOT1,ELP3,NAN1,TAF14,ISU1,NOP53,CDC60,MEX67,CBC2,NIP7,PUS1,BMS1,NEW1,RVB2,SUI3,DIM1,RPA135,TIF6,MAK3,NOT5,RRP9,TIF3,JIP5,RPO26	3.94e-5	0.0095	gene expression
Process	GO.0042273	54	105	4932	YAL025C,YBR142W,YBR267W,YCL054W,YCR072C,YDL031W,YDL208W,YDR060W,YDR083W,YDR091C,YDR496C,YER002W,YER006W,YFL002C,YFR001W,YGL076C,YGL099W,YGL111W,YGL120C,YGL246C,YGR034W,YGR103W,YGR162W,YGR245C,YHR085W,YHR088W,YHR197W,YIR012W,YIR026C,YJL122W,YKL009W,YKL021C,YKL082C,YKL172W,YKR081C,YLL008W,YLL034C,YLR009W,YLR106C,YMR049C,YMR229C,YMR290C,YNL002C,YNL110C,YNL182C,YNR038W,YOL041C,YOL077C,YOR272W,YPL043W,YPL146C,YPL211W,YPR016C,YPR169W	MAK16,MAK5,REI1,SPB1,RSA4,DBP10,NHP2,MAK21,RRP8,RLI1,PUF6,NOP16,NUG1,SPB4,LOC1,RPL7A,LSG1,NSA1,PRP43,RAI1,RPL26B,NOP7,TIF4631,SDA1,IPI1,RPF1,RIX1,SQT1,YVH1,ALB1,MRT4,MAK11,RRP14,EBP2,RPF2,DRS1,RIX7,RLP24,MDN1,ERB1,RRP5,HAS1,RLP7,NOP15,IPI3,DBP6,NOP12,BRX1,YTM1,NOP4,NOP53,NIP7,TIF6,JIP5	1.8e-4	0.0397	ribosomal large subunit biogenesis
